City_ID,City,Country,Date,Lat,Lng,Max Temp,Humidity,Cloudiness,Wind Speed
0,Esperance,AU,2021-06-18 05:54:57,-33.8667,121.9,58.84,53,0,6.62
1,Jalu,LY,2021-06-18 05:56:36,29.0331,21.5482,83.79,25,0,5.95
2,Lorengau,PG,2021-06-18 05:56:36,-2.0226,147.2712,83.73,66,80,7.74
3,Geraldton,AU,2021-06-18 05:56:37,-28.7667,114.6,71.13,48,0,13.8
4,Kuhdasht,IR,2021-06-18 05:56:37,33.535,47.6061,92.71,7,0,2.24
5,Faanui,PF,2021-06-18 05:56:37,-16.4833,-151.75,80.35,76,76,17.34
6,Petrovsk,RU,2021-06-18 05:56:38,52.3064,45.3917,67.69,69,56,11.68
7,Mataura,NZ,2021-06-18 05:56:38,-46.1927,168.8643,41.49,87,6,6.08
8,Lagoa,PT,2021-06-18 05:56:39,39.05,-27.9833,63.45,69,95,7.47
9,Tongchuan,CN,2021-06-18 05:56:39,35.0806,109.0897,73.06,46,99,3.74
10,Provideniya,RU,2021-06-18 05:56:39,64.3833,-173.3,41.11,75,20,11.18
11,Ushuaia,AR,2021-06-18 05:53:40,-54.8,-68.3,35.26,93,0,3.44
12,Tiksi,RU,2021-06-18 05:56:40,71.6872,128.8694,64.29,41,52,2.44
13,Bhatkal,IN,2021-06-18 05:56:40,13.9667,74.5667,81.7,81,99,18.68
14,Chabahar,IR,2021-06-18 05:56:41,25.2919,60.643,87.91,68,2,13.94
15,New Norfolk,AU,2021-06-18 05:56:41,-42.7826,147.0587,54.9,79,96,3.0
16,Ponta Do Sol,PT,2021-06-18 05:56:42,32.6667,-17.1,66.83,54,36,5.93
17,Tiznit,MA,2021-06-18 05:56:42,29.5833,-9.5,59.14,89,96,4.85
18,Busselton,AU,2021-06-18 05:56:43,-33.65,115.3333,63.05,63,25,12.59
19,Grindavik,IS,2021-06-18 05:56:43,63.8424,-22.4338,42.75,93,90,9.22
20,Araouane,ML,2021-06-18 05:56:43,18.9048,-3.5265,87.49,28,3,11.07
21,Cape Town,ZA,2021-06-18 05:54:19,-33.9258,18.4232,53.11,98,20,1.99
22,Yerbogachen,RU,2021-06-18 05:56:48,61.2767,108.0108,77.54,31,26,6.49
23,Luderitz,NA,2021-06-18 05:56:48,-26.6481,15.1594,64.89,44,0,10.76
24,Chuy,UY,2021-06-18 05:56:49,-33.6971,-53.4616,48.7,84,98,7.52
25,Rikitea,PF,2021-06-18 05:56:49,-23.1203,-134.9692,74.3,72,96,25.81
26,Iqaluit,CA,2021-06-18 05:56:49,63.7506,-68.5145,31.73,100,90,20.0
27,Mahebourg,MU,2021-06-18 05:56:50,-20.4081,57.7,77.25,70,22,16.02
28,Ust-Tsilma,RU,2021-06-18 05:56:50,65.441,52.1498,60.93,33,43,12.15
29,Fortuna,US,2021-06-18 05:56:51,40.5982,-124.1573,62.42,69,1,0.0
30,Bonavista,CA,2021-06-18 05:56:52,48.6499,-53.1147,51.8,80,97,14.47
31,Quimper,FR,2021-06-18 05:56:52,48.0,-4.1,59.07,88,0,8.05
32,Umm Lajj,SA,2021-06-18 05:56:53,25.0213,37.2685,84.29,63,5,14.0
33,Puerto Ayora,EC,2021-06-18 05:56:53,-0.7393,-90.3518,72.55,93,31,4.81
34,Matara,LK,2021-06-18 05:56:53,5.9485,80.5353,86.68,64,50,12.44
35,Bluff,NZ,2021-06-18 05:56:54,-46.6,168.3333,41.81,76,7,15.03
36,Flin Flon,CA,2021-06-18 05:56:54,54.7682,-101.865,46.51,97,100,6.2
37,Cidreira,BR,2021-06-18 05:56:55,-30.1811,-50.2056,51.75,85,26,4.68
38,Synya,RU,2021-06-18 05:56:55,65.3718,58.0387,56.16,38,70,7.7
39,Mnogovershinnyy,RU,2021-06-18 05:56:56,53.9353,139.9242,54.72,65,100,9.04
40,Albany,US,2021-06-18 05:56:56,42.6001,-73.9662,54.41,78,7,4.21
41,Hajnowka,PL,2021-06-18 05:56:57,52.7433,23.5812,71.35,62,5,7.43
42,Hermanus,ZA,2021-06-18 05:56:57,-34.4187,19.2345,51.91,82,16,6.58
43,Yar-Sale,RU,2021-06-18 05:56:58,66.8333,70.8333,51.44,43,71,18.39
44,Gravdal,NO,2021-06-18 05:56:58,68.1214,13.5031,49.89,93,40,9.22
45,Aljezur,PT,2021-06-18 05:56:59,37.3191,-8.8033,59.61,87,84,6.49
46,Micheweni,TZ,2021-06-18 05:56:59,-4.9667,39.8333,76.91,83,54,12.91
47,Hasaki,JP,2021-06-18 05:56:59,35.7333,140.8333,82.29,69,34,9.6
48,Fukue,JP,2021-06-18 05:57:00,32.6881,128.8419,77.36,100,75,1.14
49,Abeche,TD,2021-06-18 05:57:00,13.8292,20.8324,83.79,53,100,9.37
50,Arraial Do Cabo,BR,2021-06-18 05:57:01,-22.9661,-42.0278,69.01,68,100,7.74
51,Carnarvon,AU,2021-06-18 05:57:01,-24.8667,113.6333,73.47,30,0,13.8
52,Ostrovnoy,RU,2021-06-18 05:57:02,68.0531,39.5131,48.18,75,95,14.74
53,Andra,RU,2021-06-18 05:57:02,62.5147,65.8878,58.26,37,29,14.85
54,Pramanta,GR,2021-06-18 05:57:02,39.5231,21.1014,53.62,56,11,2.95
55,Zhigansk,RU,2021-06-18 05:57:03,66.7697,123.3711,76.42,28,99,4.85
56,Hay River,CA,2021-06-18 05:57:03,60.8156,-115.7999,51.78,82,40,0.0
57,Punta Arenas,CL,2021-06-18 05:52:16,-53.15,-70.9167,33.91,86,40,10.36
58,Atuona,PF,2021-06-18 05:57:04,-9.8,-139.0333,79.09,79,24,22.64
59,Asfi,MA,2021-06-18 05:57:04,32.2994,-9.2372,66.15,81,100,14.83
60,Kapaa,US,2021-06-18 05:57:05,22.0752,-159.319,80.58,80,36,1.99
61,Havelock,US,2021-06-18 05:57:06,34.8791,-76.9013,75.02,88,34,4.61
62,Sobolevo,RU,2021-06-18 05:57:06,54.4299,31.8996,67.44,72,40,6.6
63,Tasiilaq,GL,2021-06-18 05:57:06,65.6145,-37.6368,27.43,75,17,5.12
64,Port Elizabeth,ZA,2021-06-18 05:57:07,-33.918,25.5701,59.29,82,20,12.66
65,Davila,PH,2021-06-18 05:57:07,18.4726,120.5763,87.78,73,38,17.34
66,Butaritari,KI,2021-06-18 05:57:08,3.0707,172.7902,83.35,69,28,8.97
67,Choix,MX,2021-06-18 05:57:08,26.7092,-108.3219,84.72,45,17,2.19
68,Praia Da Vitoria,PT,2021-06-18 05:57:08,38.7333,-27.0667,66.45,59,20,6.71
69,Alice Springs,AU,2021-06-18 05:57:09,-23.7,133.8833,56.75,41,100,11.5
70,Rawson,AR,2021-06-18 05:57:09,-43.3002,-65.1023,38.98,74,0,13.51
71,Biak,ID,2021-06-18 05:57:10,-0.9131,122.8766,80.76,77,64,6.87
72,Ahipara,NZ,2021-06-18 05:57:10,-35.1667,173.1667,57.99,90,100,9.66
73,Saldanha,ZA,2021-06-18 05:57:11,-33.0117,17.9442,46.45,83,3,9.01
74,Daru,PG,2021-06-18 05:57:12,-9.0763,143.2092,78.69,86,100,14.05
75,Ambilobe,MG,2021-06-18 05:57:12,-13.2,49.05,77.9,57,73,1.5
76,Ocampo,MX,2021-06-18 05:57:12,21.65,-101.5,53.85,86,16,14.34
77,Garowe,SO,2021-06-18 05:57:13,8.4054,48.4845,83.55,39,69,29.33
78,Georgetown,MY,2021-06-18 05:53:03,5.4112,100.3354,87.73,73,20,7.0
79,Mar Del Plata,AR,2021-06-18 05:54:13,-38.0023,-57.5575,42.13,63,40,3.0
80,Olafsvik,IS,2021-06-18 05:57:14,64.8945,-23.7142,41.4,66,99,11.23
81,Jamestown,US,2021-06-18 05:55:20,42.097,-79.2353,65.71,74,1,1.99
82,Long Beach,US,2021-06-18 05:57:15,33.767,-118.1892,78.57,87,90,1.01
83,Ankazobe,MG,2021-06-18 05:57:15,-18.3167,47.1167,48.61,55,64,4.65
84,East London,ZA,2021-06-18 05:57:16,-33.0153,27.9116,58.14,72,0,11.5
85,Korla,CN,2021-06-18 05:57:16,41.7597,86.1469,86.58,10,25,7.76
86,Quattro Castella,IT,2021-06-18 05:57:16,44.635,10.4743,75.0,61,79,2.17
87,Hobart,AU,2021-06-18 05:53:37,-42.8794,147.3294,55.26,83,40,11.5
88,Goure,NE,2021-06-18 05:57:17,13.9835,10.2704,81.01,40,10,6.98
89,Dikson,RU,2021-06-18 05:57:17,73.5069,80.5464,31.89,83,69,8.23
90,Pevek,RU,2021-06-18 05:57:18,69.7008,170.3133,35.31,85,100,1.48
91,Puerto Maldonado,PE,2021-06-18 05:57:18,-12.6,-69.1833,69.8,86,85,3.6
92,Cherskiy,RU,2021-06-18 05:57:19,68.75,161.3,48.0,67,100,4.34
93,Houma,US,2021-06-18 05:56:25,29.5958,-90.7195,82.0,94,40,4.61
94,Fremont,US,2021-06-18 05:53:00,37.5483,-121.9886,81.84,69,1,1.01
95,Victoria,HK,2021-06-18 05:55:32,22.2855,114.1577,91.45,71,23,11.01
96,Vaini,TO,2021-06-18 05:57:20,-21.2,-175.2,75.36,94,40,5.75
97,Yellowknife,CA,2021-06-18 05:55:02,62.456,-114.3525,55.92,58,20,5.75
98,Pangnirtung,CA,2021-06-18 05:57:21,66.1451,-65.7125,40.57,76,100,8.21
99,Bredasdorp,ZA,2021-06-18 05:57:21,-34.5322,20.0403,47.52,93,28,4.61
100,Gat,IL,2021-06-18 05:57:08,31.61,34.7642,76.78,20,1,4.5
101,Billings,US,2021-06-18 05:57:22,45.7833,-108.5007,63.16,43,13,0.67
102,Norman Wells,CA,2021-06-18 05:57:22,65.282,-126.8329,69.84,43,40,6.91
103,Airai,TL,2021-06-18 05:57:23,-8.9266,125.4092,74.61,44,67,4.79
104,Avarua,CK,2021-06-18 05:57:23,-21.2078,-159.775,78.85,83,90,9.22
105,Pabna,BD,2021-06-18 05:57:23,24.0,89.25,77.77,89,100,9.28
106,Foshan,CN,2021-06-18 05:57:24,23.0268,113.1315,95.04,42,46,8.68
107,San Luis,AR,2021-06-18 05:57:24,-33.295,-66.3356,40.39,73,100,3.8
108,Solwezi,ZM,2021-06-18 05:57:25,-12.1688,26.3894,55.38,57,1,4.74
109,Portobelo,PA,2021-06-18 05:57:25,9.55,-79.65,78.75,85,94,2.82
110,Roald,NO,2021-06-18 05:57:25,62.5833,6.1333,56.16,87,40,12.66
111,Murray Bridge,AU,2021-06-18 05:57:26,-35.1167,139.2667,60.44,79,57,18.75
112,Lima,PE,2021-06-18 05:56:46,-12.0432,-77.0282,63.9,84,90,8.05
113,Touros,BR,2021-06-18 05:57:26,-5.1989,-35.4608,74.3,93,14,9.93
114,Tuktoyaktuk,CA,2021-06-18 05:57:27,69.4541,-133.0374,42.8,81,75,12.66
115,Nekhayevskiy,RU,2021-06-18 05:57:27,50.4106,41.7561,70.34,67,3,14.94
116,Teya,RU,2021-06-18 05:57:28,60.3778,92.6267,66.34,78,98,4.56
117,Shingu,JP,2021-06-18 05:57:28,33.7333,135.9833,77.92,75,100,6.55
118,Hithadhoo,MV,2021-06-18 05:57:28,-0.6,73.0833,83.64,72,56,7.54
119,Cabo San Lucas,MX,2021-06-18 05:57:29,22.8909,-109.9124,88.61,69,2,17.07
120,Djibo,BF,2021-06-18 05:57:29,14.1022,-1.6306,85.53,36,77,5.1
121,Naryan-Mar,RU,2021-06-18 05:57:29,67.6713,53.087,56.77,47,76,16.96
122,Sitka,US,2021-06-18 05:57:30,57.0531,-135.33,52.75,91,98,2.04
123,Port Alfred,ZA,2021-06-18 05:57:30,-33.5906,26.891,59.0,78,27,12.46
124,Kozhva,RU,2021-06-18 05:57:31,65.1073,57.0459,59.72,31,62,10.29
125,Salalah,OM,2021-06-18 05:53:41,17.0151,54.0924,87.17,69,78,11.03
126,Manuk Mangkaw,PH,2021-06-18 05:57:31,4.8,119.85,84.34,72,92,8.37
127,Washington,US,2021-06-18 05:55:32,47.5001,-120.5015,64.02,51,31,5.99
128,Codrington,AU,2021-06-18 05:57:32,-38.2667,141.9667,55.87,78,24,17.98
129,Bethel,US,2021-06-18 05:57:33,41.3712,-73.414,61.81,77,7,2.57
130,Torbay,CA,2021-06-18 05:57:33,47.6666,-52.7314,56.17,76,90,11.5
131,Caravelas,BR,2021-06-18 05:57:33,-17.7125,-39.2481,68.74,84,9,2.98
132,Danielskuil,ZA,2021-06-18 05:57:34,-28.1887,23.5395,45.7,44,0,6.98
133,Marienburg,PL,2021-06-18 05:57:34,54.0359,19.0266,72.88,58,1,9.51
134,Falesti,MD,2021-06-18 05:57:35,47.5736,27.7092,71.46,91,99,10.78
135,Concordia,AR,2021-06-18 05:57:35,-31.393,-58.0209,41.79,92,44,5.99
136,Naze,JP,2021-06-18 05:57:36,28.3667,129.4833,74.32,76,100,2.98
137,Kloulklubed,PW,2021-06-18 05:57:36,7.0419,134.2556,86.5,69,61,2.68
138,Tocopilla,CL,2021-06-18 05:57:37,-22.092,-70.1979,64.47,63,0,1.14
139,Wattegama,LK,2021-06-18 05:57:37,6.7989,81.4808,90.52,33,75,2.59
140,Dunedin,NZ,2021-06-18 05:57:38,-45.8742,170.5036,43.81,73,81,5.01
141,Bondo,CD,2021-06-18 05:57:38,3.8146,23.6866,68.38,99,100,2.53
142,Extremoz,BR,2021-06-18 05:57:38,-5.7056,-35.3072,75.2,100,90,5.75
143,Sorland,NO,2021-06-18 05:57:39,67.667,12.6934,50.07,93,100,11.07
144,Nome,US,2021-06-18 05:57:40,64.5011,-165.4064,70.16,51,7,8.28
145,Sabang,ID,2021-06-18 05:57:40,5.8933,95.3214,83.55,70,100,10.92
146,Linjiang,CN,2021-06-18 05:57:40,41.8069,126.9078,76.44,31,8,12.37
147,Santa Catalina,PH,2021-06-18 05:57:41,9.3337,122.8637,89.58,73,89,6.42
148,Saskylakh,RU,2021-06-18 05:57:41,71.9167,114.0833,83.57,20,10,15.32
149,Antalaha,MG,2021-06-18 05:57:41,-14.9003,50.2788,77.14,65,14,8.08
150,Pacific Grove,US,2021-06-18 05:55:32,36.6177,-121.9166,75.6,83,27,4.0
151,Lander,US,2021-06-18 05:57:42,42.833,-108.7307,72.19,23,100,5.91
152,Roscrea,IE,2021-06-18 05:57:43,52.9511,-7.8017,46.89,86,20,3.69
153,Severnyy,RU,2021-06-18 05:57:43,50.677,36.5532,69.84,60,0,13.42
154,Thompson,CA,2021-06-18 05:56:36,55.7435,-97.8558,42.96,81,75,12.66
155,Pioner,RU,2021-06-18 05:57:44,55.3166,85.9508,78.24,61,20,6.71
156,Nyurba,RU,2021-06-18 05:57:44,63.2842,118.3319,80.17,28,91,8.39
157,Matay,EG,2021-06-18 05:57:45,28.419,30.7792,76.51,48,0,18.12
158,Lake City,US,2021-06-18 05:57:45,30.1897,-82.6393,75.0,100,40,0.0
159,Killybegs,IE,2021-06-18 05:57:45,54.6333,-8.45,42.46,65,64,3.74
160,Saint-Philippe,RE,2021-06-18 05:57:46,-21.3585,55.7679,75.47,83,58,12.33
161,Gold Coast,AU,2021-06-18 05:54:05,-28.0,153.4333,69.3,41,21,8.99
162,Ballina,AU,2021-06-18 05:57:47,-28.8667,153.5667,68.18,41,75,11.5
163,Launceston,AU,2021-06-18 05:57:47,-41.45,147.1667,57.15,72,75,8.01
164,Walvis Bay,NA,2021-06-18 05:57:48,-22.9575,14.5053,54.09,100,0,5.75
165,San Pascual,PH,2021-06-18 05:57:48,13.7975,121.0342,90.63,62,100,12.64
166,Narsaq,GL,2021-06-18 05:57:48,60.9167,-46.05,38.14,70,34,4.52
167,Khatanga,RU,2021-06-18 05:57:49,71.9667,102.5,77.34,35,19,13.13
168,Te Anau,NZ,2021-06-18 05:57:49,-45.4167,167.7167,36.86,89,9,1.52
169,Mattru,SL,2021-06-18 05:57:50,7.6244,-11.8332,73.74,96,95,1.14
170,Yatou,CN,2021-06-18 05:57:50,37.15,122.3833,81.3,38,51,11.27
171,Upernavik,GL,2021-06-18 05:57:51,72.7868,-56.1549,34.16,70,1,5.03
172,Ribeira Grande,PT,2021-06-18 05:57:51,38.5167,-28.7,64.58,68,99,4.68
173,Fare,PF,2021-06-18 05:57:52,-16.7,-151.0167,79.95,76,60,16.2
174,Ondangwa,NA,2021-06-18 05:57:52,-17.9167,15.95,53.11,39,0,8.75
175,Pisco,PE,2021-06-18 05:57:52,-13.7,-76.2167,64.45,88,75,4.61
176,Nabire,ID,2021-06-18 05:57:53,-3.3667,135.4833,83.43,76,57,2.98
177,Chicama,PE,2021-06-18 05:57:53,-7.8447,-79.1469,65.98,86,65,5.88
178,Ekibastuz,KZ,2021-06-18 05:57:54,51.6667,75.3667,92.84,18,7,12.66
179,Barrow,US,2021-06-18 05:57:54,71.2906,-156.7887,48.31,58,56,12.62
180,Yulara,AU,2021-06-18 05:57:54,-25.2406,130.9889,57.04,44,100,11.5
181,Clyde River,CA,2021-06-18 05:57:55,70.4692,-68.5914,32.23,100,90,10.36
182,Santander,ES,2021-06-18 05:57:55,43.4647,-3.8044,64.31,97,40,1.14
183,Tuatapere,NZ,2021-06-18 05:57:56,-46.1333,167.6833,41.83,91,7,3.74
184,Huaicheng,CN,2021-06-18 05:57:56,23.9051,112.1931,92.46,53,79,2.59
185,Znamenskoye,RU,2021-06-18 05:57:56,57.1281,73.8282,62.98,87,71,13.06
186,Namatanai,PG,2021-06-18 05:57:57,-3.6667,152.4333,82.99,68,87,6.55
187,Oranjemund,NA,2021-06-18 05:57:57,-28.55,16.4333,59.65,50,0,9.15
188,Klaksvik,FO,2021-06-18 05:57:58,62.2266,-6.589,45.52,87,100,9.86
189,Soyo,AO,2021-06-18 05:57:58,-6.1349,12.3689,71.67,89,96,6.15
190,Upata,VE,2021-06-18 05:57:58,8.0086,-62.3989,69.24,98,93,3.4
191,Mount Gambier,AU,2021-06-18 05:57:59,-37.8333,140.7667,55.31,88,45,17.27
192,Hwange,ZW,2021-06-18 05:57:59,-18.3693,26.5019,59.65,57,0,1.45
193,Hilo,US,2021-06-18 05:57:59,19.7297,-155.09,73.8,85,90,4.61
194,Tautira,PF,2021-06-18 05:58:00,-17.7333,-149.15,78.82,85,94,16.44
195,Dharchula,IN,2021-06-18 05:58:01,29.85,80.5333,70.66,95,100,1.5
196,Coihaique,CL,2021-06-18 05:58:01,-45.5752,-72.0662,21.15,93,1,2.3
197,Panama City,PA,2021-06-18 05:58:01,8.9936,-79.5197,83.05,89,90,8.05
198,Aklavik,CA,2021-06-18 05:58:02,68.2191,-135.0107,65.12,45,67,10.6
199,Kavieng,PG,2021-06-18 05:58:02,-2.5744,150.7967,83.19,72,72,12.3
200,Dalby,AU,2021-06-18 05:58:02,-27.1833,151.2667,64.98,34,31,5.99
201,Ambon,ID,2021-06-18 05:58:03,-3.6954,128.1814,86.14,66,40,5.75
202,Bengkulu,ID,2021-06-18 05:58:03,-3.8004,102.2655,83.59,68,72,5.46
203,Suzun,RU,2021-06-18 05:58:04,53.7841,82.3116,86.29,35,62,7.56
204,Bambous Virieux,MU,2021-06-18 05:58:04,-20.3428,57.7575,77.22,70,23,15.59
205,Quatre Cocos,MU,2021-06-18 05:58:05,-20.2078,57.7625,77.09,68,20,15.37
206,Rio Gallegos,AR,2021-06-18 05:58:05,-51.6226,-69.2181,21.25,100,0,2.3
207,Tahoua,NE,2021-06-18 05:58:05,14.8888,5.2692,86.63,44,32,7.2
208,Leshukonskoye,RU,2021-06-18 05:58:06,64.8989,45.7622,47.23,92,97,9.73
209,Isangel,VU,2021-06-18 05:58:06,-19.55,169.2667,80.71,83,40,0.0
210,Maha Sarakham,TH,2021-06-18 05:58:07,16.3333,103.6667,98.19,43,41,6.46
211,Kutum,SD,2021-06-18 05:58:07,14.2,24.6667,77.76,47,100,8.01
212,San Patricio,US,2021-06-18 05:58:08,28.017,-97.5169,84.83,66,89,6.06
213,Nantucket,US,2021-06-18 05:58:08,41.2835,-70.0995,62.96,89,0,15.61
214,Homer,US,2021-06-18 05:58:09,59.6425,-151.5483,61.09,74,99,1.99
215,Vardo,NO,2021-06-18 05:58:09,70.3705,31.1107,46.6,81,75,4.61
216,Harper,LR,2021-06-18 05:58:09,4.375,-7.7169,77.88,80,70,5.46
217,Raymond Terrace,AU,2021-06-18 05:58:10,-32.75,151.75,65.37,51,75,20.71
218,Tual,ID,2021-06-18 05:58:10,-5.6667,132.75,80.91,77,68,15.77
219,Kenai,US,2021-06-18 05:58:10,60.5544,-151.2583,61.03,69,69,4.65
220,Hambantota,LK,2021-06-18 05:58:11,6.1241,81.1185,91.74,58,20,14.97
221,Grand Gaube,MU,2021-06-18 05:58:11,-20.0064,57.6608,77.38,65,6,10.0
222,Mecca,SA,2021-06-18 05:55:31,21.4267,39.8261,101.23,18,11,9.84
223,Half Moon Bay,US,2021-06-18 05:58:12,37.4636,-122.4286,79.39,77,1,0.0
224,Richards Bay,ZA,2021-06-18 05:58:12,-28.783,32.0377,65.84,83,9,6.76
225,Castro,BR,2021-06-18 05:58:13,-24.7911,-50.0119,50.74,93,98,4.21
226,Qaanaaq,GL,2021-06-18 05:58:13,77.484,-69.3632,28.72,70,5,5.48
227,Berlevag,NO,2021-06-18 05:58:13,70.8578,29.0864,44.55,81,75,6.91
228,Gamboma,CG,2021-06-18 05:58:14,-1.8764,15.8644,74.62,74,90,2.68
229,Whitehorse,CA,2021-06-18 05:58:14,60.7161,-135.0538,66.02,32,90,5.75
230,Port Moresby,PG,2021-06-18 05:58:15,-9.4431,147.1797,85.42,70,40,17.27
231,Puri,IN,2021-06-18 05:58:15,19.8,85.85,86.52,75,100,15.01
232,Kiomboi,TZ,2021-06-18 05:58:15,-4.2667,34.3667,65.89,58,87,3.6
233,Dhidhdhoo,MV,2021-06-18 05:58:16,6.8833,73.1,82.87,77,99,14.9
234,Faya,SA,2021-06-18 05:58:17,18.3851,42.4509,73.51,16,78,4.45
235,Galesong,ID,2021-06-18 05:58:17,-5.3166,119.3661,89.62,67,40,4.94
236,Milverton,CA,2021-06-18 05:58:18,43.5668,-80.9164,66.02,82,50,9.28
237,Talnakh,RU,2021-06-18 05:58:18,69.4865,88.3972,63.23,72,100,7.58
238,Macusani,PE,2021-06-18 05:58:18,-14.0833,-70.4333,31.71,88,27,3.56
239,Ligayan,PH,2021-06-18 05:58:19,4.6533,119.4706,83.95,73,94,6.51
240,Chokurdakh,RU,2021-06-18 05:58:19,70.6333,147.9167,56.03,38,100,2.1
241,Algiers,DZ,2021-06-18 05:58:20,36.7525,3.042,64.22,88,20,5.75
242,Katsuura,JP,2021-06-18 05:58:20,35.1333,140.3,82.24,66,61,9.55
243,Terme,TR,2021-06-18 05:58:21,41.2092,36.9739,69.96,69,0,3.47
244,Sao Filipe,CV,2021-06-18 05:58:21,14.8961,-24.4956,72.48,76,2,10.07
245,Leningradskiy,RU,2021-06-18 05:58:22,69.3833,178.4167,37.15,92,100,5.66
246,Mossendjo,CG,2021-06-18 05:58:22,-2.9506,12.7261,67.64,98,100,2.24
247,Ust-Maya,RU,2021-06-18 05:58:22,60.4167,134.5333,69.48,48,100,7.09
248,Bathsheba,BB,2021-06-18 05:58:23,13.2167,-59.5167,81.21,69,20,16.11
249,Nikolskoye,RU,2021-06-18 05:58:23,59.7035,30.7861,75.02,47,37,9.35
250,Verkhoyansk,RU,2021-06-18 05:58:23,67.5447,133.385,80.98,22,1,5.19
251,Skegness,GB,2021-06-18 05:58:24,53.1436,0.3363,57.96,88,100,11.3
252,Southbridge,US,2021-06-18 05:58:24,42.0751,-72.0334,57.67,84,7,4.32
253,Portland,US,2021-06-18 05:54:47,45.5234,-122.6762,66.11,61,2,3.53
254,Ust-Ilimsk,RU,2021-06-18 05:58:25,58.0006,102.6619,82.02,22,2,3.4
255,Palmas,BR,2021-06-18 05:58:25,-10.2128,-48.3603,73.27,83,0,4.61
256,Santa Cruz Cabralia,BR,2021-06-18 05:58:26,-16.2781,-39.0247,66.43,88,40,6.91
257,Nara,JP,2021-06-18 05:54:23,34.6851,135.8049,76.5,53,100,0.2
258,Nadvoitsy,RU,2021-06-18 05:58:26,63.8667,34.3167,65.73,52,100,11.5
259,Vila,PT,2021-06-18 05:58:27,42.0304,-8.1588,50.32,93,100,5.03
260,Ubaitaba,BR,2021-06-18 05:54:24,-14.3125,-39.3233,63.66,98,57,1.83
261,Severo-Kurilsk,RU,2021-06-18 05:58:27,50.6789,156.125,44.65,91,72,12.59
262,Hofn,IS,2021-06-18 05:58:27,64.2539,-15.2082,42.69,78,69,1.99
263,Mitoc,RO,2021-06-18 05:58:28,48.1,27.0333,73.62,79,39,12.86
264,Cerrito,CO,2021-06-18 05:58:28,6.8432,-72.694,51.39,93,92,5.61
265,Neustadt,DE,2021-06-18 05:58:29,49.7117,12.0872,72.97,82,63,2.28
266,Bella Vista,US,2021-06-18 05:56:50,36.4295,-94.2316,77.72,78,55,7.74
267,San Felipe,VE,2021-06-18 05:58:29,10.3399,-68.7425,70.9,97,99,4.32
268,Utiel,ES,2021-06-18 05:58:30,39.5667,-1.2,63.64,57,97,2.28
269,Laguna De Duero,ES,2021-06-18 05:58:30,41.5815,-4.7233,59.4,92,20,4.0
270,Rong Kwang,TH,2021-06-18 05:58:30,18.339,100.3174,89.08,63,96,5.06
271,Alghero,IT,2021-06-18 05:58:31,40.5589,8.3181,71.69,73,0,5.75
272,Dromolaxia,CY,2021-06-18 05:58:31,34.8761,33.586,79.84,71,20,5.75
273,Challapata,BO,2021-06-18 05:58:31,-18.9,-66.7667,34.75,46,1,1.66
274,Wuwei,CN,2021-06-18 05:58:32,37.9281,102.6414,69.17,32,100,5.06
275,Dalvik,IS,2021-06-18 05:58:32,65.9702,-18.5286,39.13,81,89,2.68
276,Saint George,US,2021-06-18 05:58:33,37.1041,-113.5841,92.43,15,79,3.0
277,Kodiak,US,2021-06-18 05:58:33,57.79,-152.4072,47.71,93,90,19.57
278,Hamilton,US,2021-06-18 05:54:58,39.1834,-84.5333,69.51,79,31,5.35
279,La Ronge,CA,2021-06-18 05:58:34,55.1001,-105.2842,50.25,93,90,6.91
280,Bubaque,GW,2021-06-18 05:58:34,11.2833,-15.8333,80.35,83,100,8.3
281,Valdemarpils,LV,2021-06-18 05:58:35,57.3707,22.5919,67.42,57,9,7.96
282,Batemans Bay,AU,2021-06-18 05:58:35,-35.7167,150.1833,54.19,92,100,8.12
283,Shache,CN,2021-06-18 05:58:35,38.4167,77.2406,74.32,32,99,4.97
284,Belyy Yar,RU,2021-06-18 05:58:36,53.6039,91.3903,80.49,50,0,6.71
285,Lebu,CL,2021-06-18 05:58:36,-37.6167,-73.65,49.93,84,0,2.08
286,Gilgit,PK,2021-06-18 05:58:37,35.9221,74.3087,74.55,36,16,1.14
287,Kaitangata,NZ,2021-06-18 05:58:37,-46.2817,169.8464,46.92,64,58,10.42
288,Saint-Francois,FR,2021-06-18 05:58:37,46.4154,3.9054,71.04,60,0,8.05
289,Sambava,MG,2021-06-18 05:58:38,-14.2667,50.1667,77.11,65,44,11.34
290,Cocobeach,GA,2021-06-18 05:58:38,1.0002,9.5823,76.93,88,23,5.5
291,Bereznik,RU,2021-06-18 05:58:39,62.8551,42.7072,65.61,49,95,10.6
292,Syzran,RU,2021-06-18 05:58:39,53.1585,48.4681,65.43,55,1,14.36
293,Magaria,NE,2021-06-18 05:58:40,12.9983,8.9099,83.26,44,45,6.33
294,Pincher Creek,CA,2021-06-18 05:58:40,49.4833,-113.952,60.91,56,75,14.97
295,Kargala,RU,2021-06-18 05:58:41,56.6208,83.9607,78.98,51,75,7.7
296,Mahajanga,MG,2021-06-18 05:58:41,-15.7167,46.3167,71.62,64,0,3.44
297,Paamiut,GL,2021-06-18 05:58:42,61.994,-49.6678,40.05,83,93,5.39
298,Ndele,CF,2021-06-18 05:58:42,8.4109,20.6473,73.09,82,100,4.23
299,Neuquen,AR,2021-06-18 05:58:43,-38.9516,-68.0591,37.29,93,90,6.91
300,Warr Acres,US,2021-06-18 05:58:43,35.5226,-97.6189,80.08,67,1,10.36
301,Pilikwe,BW,2021-06-18 05:58:44,-22.799,27.1938,58.21,33,0,4.03
302,Santa Maria,BR,2021-06-18 05:55:47,-29.6842,-53.8069,41.47,89,6,1.95
303,Viedma,AR,2021-06-18 05:58:44,-40.8135,-62.9967,41.56,65,98,4.38
304,La Peca,PE,2021-06-18 05:58:45,-5.6111,-78.435,66.61,90,92,2.35
305,Duldurga,RU,2021-06-18 05:58:45,50.6761,113.5931,52.25,85,100,13.24
306,Rorvik,NO,2021-06-18 05:58:45,64.8621,11.2373,53.58,100,75,3.44
307,Jiaocheng,CN,2021-06-18 05:58:46,24.6774,116.1389,92.97,54,78,6.8
308,Guaiba,BR,2021-06-18 05:58:46,-30.1139,-51.325,51.3,96,75,1.14
309,Filadelfia,US,2021-06-18 05:55:53,39.9523,-75.1638,62.19,71,19,4.76
310,Honiara,SB,2021-06-18 05:58:47,-9.4333,159.95,82.87,74,41,0.94
311,Nouadhibou,MR,2021-06-18 05:58:47,20.931,-17.0347,67.98,83,0,19.57
312,Laguna,US,2021-06-18 05:58:48,38.421,-121.4238,89.74,31,20,0.0
313,Nacala,MZ,2021-06-18 05:58:48,-14.5428,40.6728,77.0,66,17,8.12
314,Joao Pinheiro,BR,2021-06-18 05:58:49,-17.7425,-46.1725,58.64,48,2,5.77
315,Panaba,MX,2021-06-18 05:58:49,21.2833,-88.2667,74.64,97,100,6.71
316,Kangaatsiaq,GL,2021-06-18 05:58:50,68.3065,-53.4641,35.2,98,100,4.83
317,Kahului,US,2021-06-18 05:56:07,20.8947,-156.47,75.97,82,76,10.0
318,Erdenet,MN,2021-06-18 05:58:50,49.0333,104.0833,67.95,28,4,13.76
319,Alyangula,AU,2021-06-18 05:58:51,-13.8483,136.4192,80.47,57,28,9.22
320,Phan Thiet,VN,2021-06-18 05:53:54,10.9333,108.1,91.99,57,40,14.47
321,Sulangan,PH,2021-06-18 05:58:51,11.1373,123.7228,85.48,67,54,2.59
322,Tateyama,JP,2021-06-18 05:58:52,34.9833,139.8667,77.99,72,78,12.73
323,Merauke,ID,2021-06-18 05:58:52,-8.4667,140.3333,80.94,78,63,15.01
324,Camacha,PT,2021-06-18 05:58:52,33.0833,-16.3333,63.36,59,40,11.5
325,Nhlangano,SZ,2021-06-18 05:58:53,-27.1167,31.2,55.94,84,82,1.21
326,Nisia Floresta,BR,2021-06-18 05:58:53,-6.0911,-35.2086,75.58,96,18,8.16
327,Ponta Delgada,PT,2021-06-18 05:58:54,37.7333,-25.6667,61.52,82,20,5.75
328,Conceicao Do Araguaia,BR,2021-06-18 05:58:54,-8.2578,-49.2647,77.13,73,0,5.75
329,Aldan,RU,2021-06-18 05:58:55,58.6031,125.3894,70.41,48,89,7.02
330,Oktyabrskiy,RU,2021-06-18 05:58:55,54.4815,53.471,61.84,61,8,14.09
331,Khakhea,BW,2021-06-18 05:58:55,-24.6895,23.494,53.76,35,0,5.46
332,Guerrero Negro,MX,2021-06-18 05:58:56,27.9769,-114.0611,65.64,84,1,13.0
333,Lumut,MY,2021-06-18 05:58:56,4.2323,100.6298,87.82,66,20,4.61
334,Bichena,ET,2021-06-18 05:58:57,10.45,38.2,66.78,41,44,4.45
335,Port Augusta,AU,2021-06-18 05:58:57,-32.5,137.7667,59.14,58,21,20.89
336,Fiumicino,IT,2021-06-18 05:58:22,41.7675,12.2291,76.48,81,56,1.19
337,Sibolga,ID,2021-06-18 05:58:58,1.7427,98.7792,84.85,64,94,4.09
338,Avera,US,2021-06-18 05:58:59,33.194,-82.5271,74.53,54,0,5.97
339,Kalmunai,LK,2021-06-18 05:58:59,7.4167,81.8167,91.49,48,77,2.95
340,Pokaran,IN,2021-06-18 05:58:59,26.9167,71.9167,93.0,42,48,1.9
341,College,US,2021-06-18 05:59:00,64.8569,-147.8028,63.0,76,76,1.01
342,Balabac,PH,2021-06-18 05:59:00,7.9868,117.0645,86.27,67,80,5.35
343,Akyab,MM,2021-06-18 05:59:01,20.15,92.9,79.29,86,100,19.77
344,Ola,RU,2021-06-18 05:59:01,59.5833,151.2833,58.8,52,1,4.52
345,Fairview,US,2021-06-18 05:59:02,40.8126,-73.999,67.42,58,1,0.0
346,Buenos Aires,AR,2021-06-18 05:58:06,-34.6132,-58.3772,42.53,76,20,1.14
347,Aketi,CD,2021-06-18 05:59:02,2.7388,23.7833,69.93,99,100,1.77
348,Shimoda,JP,2021-06-18 05:59:03,34.6667,138.95,77.16,73,97,10.67
349,Karpogory,RU,2021-06-18 05:59:03,64.0019,44.4451,54.19,62,79,6.46
350,Barcelona,ES,2021-06-18 05:59:04,41.3888,2.159,77.32,81,40,4.0
351,Lompoc,US,2021-06-18 05:59:04,34.6391,-120.4579,72.1,76,7,0.72
352,Huarmey,PE,2021-06-18 05:59:05,-10.0681,-78.1522,65.86,88,43,8.37
353,Bowen,AU,2021-06-18 05:59:05,-20.0167,148.2333,79.02,37,1,10.33
354,Westport,US,2021-06-18 05:59:06,41.1415,-73.3579,67.17,84,6,1.01
355,Maragogi,BR,2021-06-18 05:54:36,-9.0122,-35.2225,73.58,92,72,7.83
356,Takoradi,GH,2021-06-18 05:59:06,4.8845,-1.7554,77.92,76,88,7.49
357,Ampanihy,MG,2021-06-18 05:59:07,-24.7,44.75,69.51,69,0,6.8
358,Gizo,SB,2021-06-18 05:59:07,-8.103,156.8419,83.66,73,7,13.98
359,Gornopravdinsk,RU,2021-06-18 05:59:08,60.05,69.9,55.99,39,97,15.57
360,Morondava,MG,2021-06-18 05:59:08,-20.2833,44.2833,73.6,55,2,6.69
361,Kieta,PG,2021-06-18 05:59:08,-6.2167,155.6333,85.35,69,22,6.87
362,Haines Junction,CA,2021-06-18 05:59:09,60.7522,-137.5108,62.55,31,100,8.05
363,Ponnani,IN,2021-06-18 05:59:09,10.767,75.9252,87.12,76,100,11.5
364,Simbahan,PH,2021-06-18 05:59:10,6.3032,120.5836,83.03,74,98,5.55
365,Adrar,MR,2021-06-18 05:59:10,20.5022,-10.0711,81.39,21,13,14.03
366,Coahuayana,MX,2021-06-18 05:59:11,18.7333,-103.6833,79.29,88,100,0.6
367,Labuhan,ID,2021-06-18 05:59:11,-6.8844,112.2051,87.15,61,73,5.01
368,Rockport,US,2021-06-18 05:59:12,28.0206,-97.0544,84.99,72,1,1.99
369,Nanortalik,GL,2021-06-18 05:59:12,60.1432,-45.2371,37.65,82,55,1.68
370,Mwinilunga,ZM,2021-06-18 05:59:12,-11.7358,24.4293,55.35,53,6,4.72
371,Latung,PH,2021-06-18 05:59:13,5.5,120.8833,84.74,70,86,8.48
372,Manokwari,ID,2021-06-18 05:54:18,-0.8667,134.0833,83.03,70,33,5.5
373,Krasnoselkup,RU,2021-06-18 05:59:14,65.7,82.4667,67.66,52,72,12.73
374,Tieli,CN,2021-06-18 05:59:14,46.95,128.05,57.04,92,95,15.43
375,Halifax,CA,2021-06-18 05:59:15,44.6453,-63.5724,55.69,75,62,4.0
376,Chipata,ZM,2021-06-18 05:59:15,-13.6333,32.65,63.28,61,73,3.83
377,Port Hardy,CA,2021-06-18 05:59:16,50.6996,-127.4199,53.78,94,90,3.44
378,Itarema,BR,2021-06-18 05:59:16,-2.9248,-39.9167,77.63,83,8,12.26
379,Saint Matthews,US,2021-06-18 05:59:17,38.2529,-85.6558,74.66,71,20,1.01
380,Lazaro Cardenas,MX,2021-06-18 05:59:17,17.9583,-102.2,78.51,87,100,6.33
381,Vuktyl,RU,2021-06-18 05:59:18,63.8567,57.3094,58.57,36,13,9.31
382,Kamiiso,JP,2021-06-18 05:59:18,41.8167,140.65,66.58,72,75,14.97
383,Dawei,MM,2021-06-18 05:59:19,14.0833,98.2,87.82,63,76,5.64
384,Kavarna,BG,2021-06-18 05:59:19,43.4333,28.3333,67.57,93,90,18.41
385,Bella Union,UY,2021-06-18 05:59:20,-30.2752,-57.6007,40.57,89,11,6.08
386,Port-Gentil,GA,2021-06-18 05:59:20,-0.7193,8.7815,76.96,88,40,4.61
387,Taoudenni,ML,2021-06-18 05:59:20,22.6783,-3.9836,94.14,10,0,6.93
388,Les Cayes,HT,2021-06-18 05:59:21,18.2,-73.75,77.63,84,24,2.75
389,Ilulissat,GL,2021-06-18 05:59:21,69.2167,-51.1,33.76,94,100,1.34
390,North Platte,US,2021-06-18 05:56:37,41.1239,-100.7654,77.99,75,66,1.01
391,Praya,CV,2021-06-18 05:59:22,14.9215,-23.5087,72.14,78,20,10.36
392,Kruisfontein,ZA,2021-06-18 05:59:22,-34.0033,24.7314,53.89,82,3,7.87
393,Padang,ID,2021-06-18 05:57:00,-0.9492,100.3543,82.99,63,100,2.04
394,Kasama,ZM,2021-06-18 05:59:23,-10.2129,31.1808,58.78,59,87,4.47
395,Bereda,ES,2021-06-18 05:59:23,43.2686,-7.5406,56.41,100,100,5.23
396,Sorong,ID,2021-06-18 05:59:24,-0.8833,131.25,80.85,82,47,9.31
397,Camabatela,AO,2021-06-18 05:59:24,-8.1881,15.375,59.85,74,64,2.82
398,Kaseda,JP,2021-06-18 05:59:24,31.4167,130.3167,79.84,82,96,11.99
399,Oriximina,BR,2021-06-18 05:59:25,-1.7656,-55.8661,72.61,94,30,3.85
400,Najran,SA,2021-06-18 05:59:25,17.4924,44.1277,88.45,11,78,3.36
401,Domoni,KM,2021-06-18 05:59:25,-12.2569,44.5319,78.39,69,84,14.34
402,Amambai,BR,2021-06-18 05:59:26,-23.1042,-55.2258,54.39,69,97,4.52
403,Waddan,LY,2021-06-18 05:59:26,29.1614,16.139,78.73,41,0,9.13
404,Constitucion,CL,2021-06-18 05:59:27,-35.3333,-72.4167,51.53,80,0,3.67
405,Longyearbyen,SJ,2021-06-18 05:59:28,78.2186,15.6401,39.04,65,75,6.91
406,Cap Malheureux,MU,2021-06-18 05:59:28,-19.9842,57.6142,77.47,63,6,10.0
407,Barnstaple,GB,2021-06-18 05:59:29,51.0802,-4.0581,61.25,82,97,8.88
408,Los Llanos De Aridane,ES,2021-06-18 05:59:29,28.6585,-17.9182,65.95,87,0,11.5
409,Filingue,NE,2021-06-18 05:59:30,14.3521,3.3168,88.41,40,62,11.86
410,San Mateo Del Mar,MX,2021-06-18 05:59:30,16.2,-95.0,75.22,92,100,4.68
411,The Valley,AI,2021-06-18 05:59:31,18.217,-63.0578,82.26,77,90,23.11
412,Mareeba,AU,2021-06-18 05:59:31,-17.0,145.4333,82.33,76,18,5.73
413,Mikhaylovskoye,RU,2021-06-18 05:59:31,51.8239,79.7172,90.63,22,22,6.46
414,Cockburn Town,TC,2021-06-18 05:59:32,21.4612,-71.1419,80.1,88,20,20.58
415,Pallisa,UG,2021-06-18 05:59:32,1.145,33.7094,69.42,85,95,2.53
416,Rongcheng,CN,2021-06-18 05:59:33,30.634,117.8517,74.17,96,100,4.27
417,Beringovskiy,RU,2021-06-18 05:59:33,63.05,179.3167,47.64,71,30,13.22
418,Odweyne,SO,2021-06-18 05:59:34,9.4092,45.064,80.8,40,72,22.73
419,Bindi,SL,2021-06-18 05:59:34,9.9167,-11.45,70.38,99,49,1.74
420,Capoterra,IT,2021-06-18 05:59:34,39.1763,8.9718,74.53,69,20,12.66
421,Katangli,RU,2021-06-18 05:59:35,51.7102,143.2326,45.14,88,92,12.39
422,Zaraza,VE,2021-06-18 05:59:35,9.3503,-65.3245,72.57,98,100,2.42
423,Guaymas,MX,2021-06-18 05:59:35,27.9333,-110.9,84.88,58,7,6.6
424,Sydney,AU,2021-06-18 05:58:19,-33.8679,151.2073,62.71,54,0,1.99
425,Tabas,IR,2021-06-18 05:59:36,33.5959,56.9244,92.08,8,0,3.22
426,Kirakira,SB,2021-06-18 05:59:37,-10.4544,161.9205,81.77,82,29,9.15
427,Anshun,CN,2021-06-18 05:59:37,26.25,105.9333,80.24,69,99,15.08
428,Port Blair,IN,2021-06-18 05:59:37,11.6667,92.75,87.84,79,75,10.36
429,Kon Tum,VN,2021-06-18 05:59:38,14.35,108.0,89.76,51,58,6.13
430,Beyneu,KZ,2021-06-18 05:59:38,45.3167,55.2,97.27,19,2,9.71
431,Ancud,CL,2021-06-18 05:59:39,-41.8697,-73.8203,33.42,85,0,7.29
432,Kropotkin,RU,2021-06-18 05:59:39,45.4375,40.5756,70.23,73,2,4.34
433,Sao Desiderio,BR,2021-06-18 05:59:40,-12.3633,-44.9733,71.13,49,74,4.0
434,Sibut,CF,2021-06-18 05:59:40,5.718,19.0739,72.01,84,98,2.08
435,Tarancon,ES,2021-06-18 05:59:41,40.0085,-3.0073,61.45,81,90,4.29
436,San Ramon,US,2021-06-18 05:59:21,37.7799,-121.978,80.29,51,16,4.52
437,Flagstaff,US,2021-06-18 05:59:41,35.1981,-111.6513,74.55,29,99,2.75
438,Gigmoto,PH,2021-06-18 05:59:41,13.7796,124.39,89.04,63,92,6.98
439,Potamia,GR,2021-06-18 05:59:42,40.7163,24.7286,73.65,69,17,3.22
440,Kontagora,NG,2021-06-18 05:59:42,10.3999,5.4695,74.59,80,20,4.34
441,Lifford,IE,2021-06-18 05:59:43,54.8319,-7.4836,48.11,64,100,3.47
442,Vila Velha,BR,2021-06-18 05:59:43,-20.3297,-40.2925,67.95,94,90,10.36
443,Tigveni,RO,2021-06-18 05:59:43,45.1333,24.5833,60.1,94,100,3.29
444,Asau,RO,2021-06-18 05:59:44,46.4333,26.4,67.12,97,100,9.13
445,Coulommiers,FR,2021-06-18 05:59:45,48.8145,3.085,71.46,92,46,1.99
446,Luanda,AO,2021-06-18 05:55:36,-8.8368,13.2343,71.6,94,75,4.61
447,Saint Anthony,US,2021-06-18 05:59:45,45.0205,-93.218,71.2,69,1,0.0
448,Pamatawan,PH,2021-06-18 05:59:46,14.9278,120.2136,94.21,70,40,13.8
449,Bitung,ID,2021-06-18 05:59:46,1.4451,125.1824,90.45,72,40,10.45
450,Tuyen Quang,VN,2021-06-18 05:59:47,21.8233,105.2181,98.17,47,58,3.4
451,Chernyshevskiy,RU,2021-06-18 05:59:47,63.0128,112.4714,78.69,25,59,5.28
452,Chaman,PK,2021-06-18 05:59:47,30.9236,66.4512,88.25,15,0,4.54
453,Valley City,US,2021-06-18 05:59:48,46.9233,-98.0032,65.14,51,1,5.75
454,Chenzhou,CN,2021-06-18 05:59:49,25.8,113.0333,93.88,53,77,5.91
455,Santa Pola,ES,2021-06-18 05:59:49,38.1917,-0.5658,76.95,69,20,1.99
456,Inverell,AU,2021-06-18 05:58:01,-29.7833,151.1167,48.11,85,80,10.0
457,Jiuquan,CN,2021-06-18 05:59:50,39.7432,98.5174,78.93,12,100,3.2
458,Cuamba,MZ,2021-06-18 05:59:50,-14.8031,36.5372,69.21,62,100,1.48
459,Prince Rupert,CA,2021-06-18 05:59:50,54.3161,-130.3201,53.29,90,75,0.0
460,Pitkyaranta,RU,2021-06-18 05:59:51,61.5734,31.4792,57.6,67,17,7.49
461,Saint-Michel-Des-Saints,CA,2021-06-18 05:59:52,46.6834,-73.9159,50.59,79,15,6.53
462,Kushmurun,KZ,2021-06-18 05:59:52,52.4503,64.6311,64.65,65,89,25.21
463,Agirish,RU,2021-06-18 05:59:53,61.9247,63.0231,60.76,29,11,11.18
464,Mingshui,CN,2021-06-18 05:59:53,36.7167,117.5,94.59,26,70,4.9
465,Aykhal,RU,2021-06-18 05:59:54,66.0,111.5,74.48,29,55,6.6
466,San Cristobal,VE,2021-06-18 05:59:54,7.7669,-72.225,64.13,98,88,4.41
467,Charlestown,AU,2021-06-18 05:55:20,-32.95,151.6667,65.1,55,42,5.01
468,Yining,CN,2021-06-18 05:59:55,29.0361,114.5636,83.91,83,100,3.15
469,Alta Floresta,BR,2021-06-18 05:59:56,-9.8756,-56.0861,74.21,63,81,2.95
470,Souillac,MU,2021-06-18 05:59:56,-20.5167,57.5167,77.36,72,16,15.7
471,Acajutla,SV,2021-06-18 05:59:57,13.5928,-89.8275,80.8,84,100,3.0
472,Zeya,RU,2021-06-18 05:59:57,53.75,127.2667,58.68,96,100,5.66
473,Humberto De Campos,BR,2021-06-18 05:59:58,-2.5983,-43.4611,74.66,92,14,4.52
474,Oeiras Do Para,BR,2021-06-18 05:59:58,-2.0031,-49.8544,72.37,98,56,2.24
475,Sur,OM,2021-06-18 05:59:58,22.5667,59.5289,90.1,59,7,4.85
476,Shirdi,IN,2021-06-18 05:59:59,19.7667,74.4833,89.04,45,75,11.79
477,Saint-Augustin,CA,2021-06-18 05:59:59,51.226,-58.6502,46.53,95,25,7.58
478,Husavik,IS,2021-06-18 06:00:00,66.0449,-17.3389,39.11,77,88,2.48
479,Senanga,ZM,2021-06-18 06:00:00,-16.1167,23.2667,54.34,47,0,4.09
480,Muros,ES,2021-06-18 06:00:01,42.7762,-9.0603,57.09,86,100,17.2
481,Novyy Urgal,RU,2021-06-18 06:00:02,51.0736,132.5642,72.88,61,100,16.53
482,Severodvinsk,RU,2021-06-18 06:00:04,64.5635,39.8302,60.91,59,100,11.45
483,Neiafu,TO,2021-06-18 06:00:07,-18.65,-173.9833,78.8,78,40,3.44
484,Hualmay,PE,2021-06-18 06:00:07,-11.0964,-77.6139,64.65,89,58,9.69
485,Nizwa,OM,2021-06-18 06:00:09,22.9333,57.5333,105.39,11,3,5.44
486,Atambua,ID,2021-06-18 06:00:09,-9.1061,124.8925,83.95,51,36,2.48
487,Oxbow,CA,2021-06-18 06:00:10,49.2333,-102.1676,54.7,67,0,8.57
488,Hua Hin,TH,2021-06-18 06:00:10,12.5707,99.9588,93.99,55,99,5.06
489,Kippen,GB,2021-06-18 06:00:11,56.1268,-4.1709,50.59,78,0,2.46
490,Koupela,BF,2021-06-18 06:00:12,12.1794,-0.3517,84.06,55,24,8.46
491,Tabou,CI,2021-06-18 06:00:12,4.423,-7.3528,77.36,82,56,4.88
492,Dolo,IT,2021-06-18 06:00:13,45.4283,12.0725,77.58,73,76,2.33
493,Pochutla,MX,2021-06-18 06:00:13,15.7432,-96.4661,78.62,98,100,8.19
494,Dom Pedrito,BR,2021-06-18 06:00:14,-30.9828,-54.6731,40.66,98,18,5.41
495,Taitung,TW,2021-06-18 06:00:15,22.7583,121.1444,93.47,52,40,9.22
496,Port Lincoln,AU,2021-06-18 06:00:16,-34.7333,135.8667,56.43,62,59,16.51
497,Mount Isa,AU,2021-06-18 06:00:17,-20.7333,139.5,67.77,28,49,12.66
498,Omsukchan,RU,2021-06-18 06:00:17,62.5333,155.8,54.09,62,17,6.67
499,Vanimo,PG,2021-06-18 06:00:18,-2.6741,141.3028,84.02,69,100,4.88
500,Turukhansk,RU,2021-06-18 06:00:18,65.8167,87.9833,68.72,69,96,6.85
501,Tarauaca,BR,2021-06-18 06:00:06,-8.1614,-70.7656,73.87,80,100,1.36
502,Collie,AU,2021-06-18 06:00:19,-33.3667,116.15,58.98,46,0,6.85
503,Luba,GQ,2021-06-18 06:00:20,3.4568,8.5547,78.37,79,62,1.36
504,Kununurra,AU,2021-06-18 06:00:20,-15.7667,128.7333,89.58,20,53,10.36
505,Teahupoo,PF,2021-06-18 06:00:21,-17.8333,-149.2667,73.36,85,86,16.44
506,Rumonge,BI,2021-06-18 06:00:22,-3.9736,29.4386,73.35,76,99,1.72
507,Powell River,CA,2021-06-18 06:00:22,49.8496,-124.5361,64.99,72,83,4.09
508,Manado,ID,2021-06-18 05:55:53,1.487,124.8455,90.37,66,40,5.75
509,Karratha,AU,2021-06-18 06:00:23,-20.7377,116.8463,75.74,34,40,14.61
510,Puerto Escondido,MX,2021-06-18 06:00:24,15.85,-97.0667,77.23,93,100,16.55
511,Praia,CV,2021-06-18 06:00:24,14.9215,-23.5087,70.09,84,9,13.02
512,San Vicente,AR,2021-06-18 06:00:25,-26.6167,-54.1333,46.35,79,88,3.02
513,Kayerkan,RU,2021-06-18 06:00:25,69.3497,87.7602,62.53,63,99,14.43
514,Pavlogradka,RU,2021-06-18 06:00:26,54.2024,73.5592,82.09,37,48,12.64
515,Kochinda,IN,2021-06-18 06:00:26,21.7333,84.35,82.36,79,100,8.1
516,Manggar,ID,2021-06-18 06:00:27,-2.8833,108.2667,84.88,67,99,8.34
517,Margate,GB,2021-06-18 06:00:28,51.3813,1.3862,62.31,99,100,7.0
518,Green River,US,2021-06-18 06:00:29,41.5286,-109.4662,72.0,22,99,3.58
519,Simoes,BR,2021-06-18 06:00:29,-7.5989,-40.8178,69.08,72,11,14.5
520,Podgornaya,RU,2021-06-18 06:00:30,44.2031,43.4297,70.65,67,81,9.84
521,Bandar-E Lengeh,IR,2021-06-18 06:00:30,26.5579,54.8807,91.09,65,0,10.98
522,Birjand,IR,2021-06-18 06:00:31,32.8663,59.2211,82.74,7,0,19.28
523,Novopavlovka,RU,2021-06-18 06:00:32,51.2172,109.2091,63.46,51,88,12.28
524,Fort-Shevchenko,KZ,2021-06-18 06:00:32,44.5086,50.263,78.87,76,4,12.06
525,Biaora,IN,2021-06-18 06:00:33,23.8667,76.9167,88.84,49,99,8.3
526,Meitingen,DE,2021-06-18 06:00:34,48.55,10.85,72.01,82,0,1.14
527,Iracoubo,GF,2021-06-18 06:00:34,5.4802,-53.2011,75.88,90,48,5.23
528,Port Macquarie,AU,2021-06-18 06:00:35,-31.4333,152.9167,62.89,53,25,12.64
529,Abu Kamal,SY,2021-06-18 06:00:35,34.4506,40.9171,81.16,35,0,21.85
530,Sjovegan,NO,2021-06-18 06:00:36,68.8726,17.8474,56.21,85,100,3.51
531,Mayumba,GA,2021-06-18 06:00:36,-3.432,10.6554,74.68,90,100,7.81
532,Selfoss,IS,2021-06-18 06:00:36,63.9331,-20.9971,42.04,91,100,3.53
533,Manyana,BW,2021-06-18 06:00:37,-23.4,21.7167,52.36,37,0,2.82
534,Conceicao Do Rio Verde,BR,2021-06-18 06:00:38,-21.8808,-45.0853,50.0,94,1,2.75
535,Thunder Bay,CA,2021-06-18 06:00:13,48.4001,-89.3168,62.29,63,0,8.55
536,Marzuq,YE,2021-06-18 06:00:38,14.4,46.4667,89.62,21,100,0.51
537,Smithers,CA,2021-06-18 06:00:39,54.7804,-127.1743,48.92,96,39,3.89
