City_ID,City,Lat,Lng,Max Temp,Humidity,Cloudiness,Wind Speed,Country,Weather Description,Date
0,Busselton,-33.65,115.3333,58.05,67,100,14.03,AU,overcast clouds,2021-06-19 01:53:12
1,Rikitea,-23.1203,-134.9692,74.84,77,8,23.78,PF,clear sky,2021-06-19 01:53:00
2,Qeshm,26.9581,56.2719,87.69,82,0,9.04,IR,clear sky,2021-06-19 01:55:20
3,Upernavik,72.7868,-56.1549,35.1,69,6,6.67,GL,clear sky,2021-06-19 01:55:20
4,Castro,-24.7911,-50.0119,53.08,98,100,9.44,BR,light rain,2021-06-19 01:42:21
5,Qaanaaq,77.484,-69.3632,31.03,75,29,4.74,GL,scattered clouds,2021-06-19 01:53:25
6,Albany,42.6001,-73.9662,75.15,68,100,5.82,US,overcast clouds,2021-06-19 01:46:47
7,Sao Filipe,14.8961,-24.4956,72.46,83,4,6.87,CV,clear sky,2021-06-19 01:53:03
8,Saskylakh,71.9167,114.0833,77.14,35,48,12.73,RU,scattered clouds,2021-06-19 01:52:57
9,Jamestown,42.097,-79.2353,74.52,73,90,13.8,US,overcast clouds,2021-06-19 01:48:35
10,Punta Arenas,-53.15,-70.9167,39.31,75,0,10.36,CL,clear sky,2021-06-19 01:53:04
11,Lagoa,39.05,-27.9833,64.49,82,6,10.09,PT,clear sky,2021-06-19 01:46:49
12,Hermanus,-34.4187,19.2345,55.9,65,7,6.38,ZA,clear sky,2021-06-19 01:53:12
13,Chicama,-7.8447,-79.1469,63.14,84,92,6.78,PE,overcast clouds,2021-06-19 01:55:22
14,Kyshtovka,56.555,76.6271,42.42,90,100,13.44,RU,overcast clouds,2021-06-19 01:55:23
15,Suluq,31.6682,20.2521,68.11,77,0,7.78,LY,clear sky,2021-06-19 01:55:23
16,Bayonet Point,28.3267,-82.6834,84.11,84,100,7.14,US,overcast clouds,2021-06-19 01:55:24
17,Ribas Do Rio Pardo,-20.4431,-53.7592,61.52,80,43,4.45,BR,scattered clouds,2021-06-19 01:55:24
18,Arraial Do Cabo,-22.9661,-42.0278,70.02,70,100,11.95,BR,overcast clouds,2021-06-19 01:46:50
19,Tuktoyaktuk,69.4541,-133.0374,60.8,41,40,14.97,CA,scattered clouds,2021-06-19 01:53:02
20,Ahipara,-35.1667,173.1667,65.53,76,1,8.84,NZ,clear sky,2021-06-19 01:55:25
21,Bogorodskoye,56.55,37.8833,58.71,87,0,6.6,RU,clear sky,2021-06-19 01:55:26
22,Kirakira,-10.4544,161.9205,84.87,73,18,11.7,SB,few clouds,2021-06-19 01:55:27
23,Hithadhoo,-0.6,73.0833,83.43,72,100,10.92,MV,overcast clouds,2021-06-19 01:52:59
24,Wuwei,37.9281,102.6414,68.5,36,100,1.5,CN,overcast clouds,2021-06-19 01:55:27
25,Mataura,-46.1927,168.8643,48.47,67,18,4.59,NZ,few clouds,2021-06-19 01:52:57
26,Constitucion,-35.3333,-72.4167,51.01,89,0,4.41,CL,clear sky,2021-06-19 01:55:28
27,Salalah,17.0151,54.0924,81.75,82,98,8.08,OM,overcast clouds,2021-06-19 01:55:29
28,Manaul,12.453,121.4107,87.03,66,28,6.71,PH,scattered clouds,2021-06-19 01:55:29
29,Mar Del Plata,-38.0023,-57.5575,45.12,54,75,1.01,AR,broken clouds,2021-06-19 01:53:28
30,Tobetsu,43.2169,141.5169,64.31,72,75,18.41,JP,light rain,2021-06-19 01:55:30
31,Vaini,-21.2,-175.2,78.96,83,40,8.05,TO,scattered clouds,2021-06-19 01:53:26
32,Killybegs,54.6333,-8.45,45.45,75,100,5.73,IE,overcast clouds,2021-06-19 01:55:30
33,Port Alfred,-33.5906,26.891,56.73,83,6,13.11,ZA,clear sky,2021-06-19 01:52:58
34,Longyearbyen,78.2186,15.6401,39.04,70,75,21.85,SJ,broken clouds,2021-06-19 01:46:41
35,Bluff,-46.6,168.3333,48.79,66,0,10.42,NZ,clear sky,2021-06-19 01:53:22
36,Luderitz,-26.6481,15.1594,68.67,36,0,8.37,NA,clear sky,2021-06-19 01:54:59
37,Blytheville,35.9273,-89.919,84.42,67,40,6.42,US,scattered clouds,2021-06-19 01:55:32
38,Puri,19.8,85.85,83.37,76,100,19.64,IN,overcast clouds,2021-06-19 01:55:32
39,Yellowknife,62.456,-114.3525,70.32,28,20,20.71,CA,few clouds,2021-06-19 01:53:16
40,Krasnyy Chikoy,50.3643,108.7512,68.07,43,44,11.27,RU,scattered clouds,2021-06-19 01:55:33
41,Aklavik,68.2191,-135.0107,77.83,32,100,11.01,CA,overcast clouds,2021-06-19 01:55:33
42,Awjilah,29.1081,21.2869,71.94,52,0,12.39,LY,clear sky,2021-06-19 01:55:33
43,Thompson,55.7435,-97.8558,66.36,34,20,9.22,CA,few clouds,2021-06-19 01:54:34
44,Atuona,-9.8,-139.0333,78.8,79,26,21.5,PF,light rain,2021-06-19 01:46:27
45,Terme,41.2092,36.9739,60.98,89,1,3.8,TR,clear sky,2021-06-19 01:55:34
46,Bambous Virieux,-20.3428,57.7575,68.22,88,40,1.14,MU,scattered clouds,2021-06-19 01:55:35
47,Imatra,61.1719,28.7524,64.78,71,4,1.99,FI,clear sky,2021-06-19 01:55:35
48,Ushuaia,-54.8,-68.3,38.86,93,75,6.91,AR,broken clouds,2021-06-19 01:53:28
49,Mahebourg,-20.4081,57.7,68.25,88,40,1.14,MU,scattered clouds,2021-06-19 01:55:36
50,Chokurdakh,70.6333,147.9167,68.0,34,13,6.71,RU,few clouds,2021-06-19 01:52:56
51,Pangnirtung,66.1451,-65.7125,43.39,65,98,2.91,CA,overcast clouds,2021-06-19 01:55:36
52,Kamenka,51.3223,42.7678,54.1,83,1,8.12,RU,clear sky,2021-06-19 01:55:37
53,Kodiak,57.79,-152.4072,49.51,87,90,17.27,US,light rain,2021-06-19 01:46:56
54,Brae,60.3964,-1.353,42.71,73,98,1.79,GB,overcast clouds,2021-06-19 01:55:37
55,Puerto Ayora,-0.7393,-90.3518,72.55,96,47,4.0,EC,scattered clouds,2021-06-19 01:53:07
56,Kruisfontein,-34.0033,24.7314,51.1,81,37,7.47,ZA,scattered clouds,2021-06-19 01:46:43
57,East London,-33.0153,27.9116,60.1,80,20,11.74,ZA,few clouds,2021-06-19 01:55:38
58,Sao Joao Da Barra,-21.6403,-41.0511,70.12,71,100,9.66,BR,overcast clouds,2021-06-19 01:55:39
59,Cap Malheureux,-19.9842,57.6142,68.47,78,9,3.0,MU,clear sky,2021-06-19 01:55:39
60,Richards Bay,-28.783,32.0377,63.5,80,88,1.45,ZA,overcast clouds,2021-06-19 01:53:10
61,Cape Town,-33.9258,18.4232,56.12,93,0,4.61,ZA,clear sky,2021-06-19 01:54:52
62,Juruti,-2.1522,-56.0922,73.74,95,65,3.62,BR,broken clouds,2021-06-19 01:55:40
63,Bambanglipuro,-7.95,110.2833,64.6,75,100,0.45,ID,overcast clouds,2021-06-19 01:55:40
64,Laguna,38.421,-121.4238,109.31,18,0,5.01,US,clear sky,2021-06-19 01:55:41
65,Bredasdorp,-34.5322,20.0403,51.28,93,10,3.44,ZA,clear sky,2021-06-19 01:55:41
66,Hobart,-42.8794,147.3294,56.01,80,40,6.91,AU,scattered clouds,2021-06-19 01:48:12
67,Lavrentiya,65.5833,-171.0,48.74,68,64,5.61,RU,broken clouds,2021-06-19 01:55:42
68,Matagami,49.7502,-77.6328,62.71,82,90,6.91,CA,heavy intensity rain,2021-06-19 01:55:43
69,Georgetown,5.4112,100.3354,85.93,82,20,1.99,MY,few clouds,2021-06-19 01:46:46
70,Hilo,19.7297,-155.09,78.8,72,20,8.05,US,few clouds,2021-06-19 01:52:35
71,Ilulissat,69.2167,-51.1,42.82,75,9,3.44,GL,clear sky,2021-06-19 01:47:07
72,Kapaa,22.0752,-159.319,84.18,75,20,1.99,US,few clouds,2021-06-19 01:48:17
73,Quatre Cocos,-20.2078,57.7625,68.09,69,8,10.6,MU,clear sky,2021-06-19 01:55:44
74,Hovd,48.0056,91.6419,68.67,34,0,3.4,MN,clear sky,2021-06-19 01:55:44
75,Senador Jose Porfirio,-2.5908,-51.9542,74.7,93,83,4.85,BR,broken clouds,2021-06-19 01:55:45
76,Narsaq,60.9167,-46.05,44.82,75,100,3.98,GL,overcast clouds,2021-06-19 01:46:39
77,Flin Flon,54.7682,-101.865,62.44,38,17,3.31,CA,few clouds,2021-06-19 01:55:45
78,Barrow,71.2906,-156.7887,57.22,58,1,11.5,US,clear sky,2021-06-19 01:46:55
79,Ancud,-41.8697,-73.8203,43.23,80,0,4.56,CL,clear sky,2021-06-19 01:55:46
80,Teknaf,20.8624,92.3058,79.2,93,100,27.96,BD,heavy intensity rain,2021-06-19 01:55:46
81,Los Llanos De Aridane,28.6585,-17.9182,64.15,73,20,13.8,ES,few clouds,2021-06-19 01:55:47
82,Hambantota,6.1241,81.1185,79.14,89,20,3.44,LK,few clouds,2021-06-19 01:55:47
83,Puqi,29.7167,113.8833,71.91,83,100,2.48,CN,light rain,2021-06-19 01:55:47
84,Nizhniy Kuranakh,58.8353,125.4869,74.53,64,78,2.64,RU,broken clouds,2021-06-19 01:55:48
85,Canico,32.6333,-16.85,65.48,63,40,12.66,PT,scattered clouds,2021-06-19 01:55:48
86,Dembi Dolo,8.5333,34.8,57.04,95,100,3.0,ET,light rain,2021-06-19 01:55:49
87,Port Elizabeth,-33.918,25.5701,50.29,93,0,4.61,ZA,clear sky,2021-06-19 01:53:01
88,Sarangani,5.4033,125.4636,83.41,72,70,5.28,PH,broken clouds,2021-06-19 01:55:49
89,Seoul,37.5683,126.9778,79.21,62,40,3.44,KR,haze,2021-06-19 01:51:08
90,Suoyarvi,62.0833,32.35,62.91,65,24,9.37,RU,few clouds,2021-06-19 01:55:50
91,Tiksi,71.6872,128.8694,70.12,31,5,14.25,RU,clear sky,2021-06-19 01:55:50
92,Verkhnevilyuysk,63.4453,120.3167,75.29,48,100,3.29,RU,overcast clouds,2021-06-19 01:55:51
93,Butaritari,3.0707,172.7902,82.92,70,25,5.28,KI,scattered clouds,2021-06-19 01:52:56
94,Meadow Lake,34.8014,-106.5436,92.17,25,20,13.96,US,few clouds,2021-06-19 01:55:51
95,Yatou,37.15,122.3833,85.24,30,2,12.41,CN,light rain,2021-06-19 01:55:51
96,Lebu,-37.6167,-73.65,48.58,80,0,2.24,CL,clear sky,2021-06-19 01:53:29
97,Fort-Shevchenko,44.5086,50.263,78.58,37,5,27.4,KZ,clear sky,2021-06-19 01:55:52
98,Kabalo,-6.05,26.9167,71.01,50,97,3.31,CD,overcast clouds,2021-06-19 01:55:52
99,Saint George,37.1041,-113.5841,109.99,8,1,13.8,US,clear sky,2021-06-19 01:53:58
100,Bengkulu,-3.8004,102.2655,81.14,69,99,2.28,ID,overcast clouds,2021-06-19 01:53:23
101,Naze,28.3667,129.4833,77.92,82,100,8.03,JP,overcast clouds,2021-06-19 01:55:53
102,Aykino,62.2248,49.9922,57.79,85,100,4.5,RU,overcast clouds,2021-06-19 01:55:54
103,Namibe,-15.1961,12.1522,69.33,62,5,7.99,AO,clear sky,2021-06-19 01:46:27
104,Nikolskoye,59.7035,30.7861,64.29,80,0,5.12,RU,clear sky,2021-06-19 01:53:16
105,Faya,18.3851,42.4509,69.91,37,58,2.64,SA,broken clouds,2021-06-19 01:55:54
106,Faanui,-16.4833,-151.75,80.69,76,12,13.67,PF,light rain,2021-06-19 01:53:10
107,Upata,8.0086,-62.3989,77.2,90,33,4.43,VE,scattered clouds,2021-06-19 01:55:55
108,Sorland,67.667,12.6934,46.47,78,97,25.05,NO,overcast clouds,2021-06-19 01:55:55
109,Hami,42.8,93.45,87.66,8,100,8.68,CN,overcast clouds,2021-06-19 01:46:30
110,Panalingaan,8.7842,117.4231,85.17,73,38,5.95,PH,scattered clouds,2021-06-19 01:55:56
111,Campeche,19.0,-90.5,74.66,99,100,1.5,MX,overcast clouds,2021-06-19 01:55:56
112,Dingle,10.9995,122.6711,86.41,68,99,7.56,PH,overcast clouds,2021-06-19 01:55:56
113,Coihaique,-45.5752,-72.0662,24.75,93,0,6.91,CL,clear sky,2021-06-19 01:55:57
114,Ola,59.5833,151.2833,58.15,59,39,4.23,RU,scattered clouds,2021-06-19 01:55:57
115,Pacific Grove,36.6177,-121.9166,83.8,80,1,5.99,US,clear sky,2021-06-19 01:53:23
116,New Norfolk,-42.7826,147.0587,55.65,82,36,1.01,AU,scattered clouds,2021-06-19 01:46:38
117,Noumea,-22.2763,166.4572,75.99,99,87,15.97,NC,overcast clouds,2021-06-19 01:55:58
118,Kaduqli,11.0167,29.7167,76.91,73,91,5.59,SD,overcast clouds,2021-06-19 01:55:59
119,Paungde,18.4833,95.5,78.31,85,100,10.63,MM,overcast clouds,2021-06-19 01:55:59
120,Rodrigues Alves,-7.738,-72.6509,76.55,71,98,2.13,BR,overcast clouds,2021-06-19 01:55:59
121,Poso,-1.3959,120.7524,84.47,65,13,1.28,ID,few clouds,2021-06-19 01:56:00
122,Port Macquarie,-31.4333,152.9167,66.88,45,40,17.27,AU,scattered clouds,2021-06-19 01:56:00
123,Gat,31.61,34.7642,69.4,81,0,2.8,IL,clear sky,2021-06-19 01:56:01
124,Yasothon,15.75,104.1333,92.37,56,37,13.56,TH,scattered clouds,2021-06-19 01:56:01
125,Sajanan,37.0573,9.2426,76.12,65,11,4.36,TN,few clouds,2021-06-19 01:56:01
126,Carnarvon,-24.8667,113.6333,57.27,43,0,10.36,AU,clear sky,2021-06-19 01:53:21
127,Izumo,35.3667,132.7667,75.15,83,75,12.66,JP,broken clouds,2021-06-19 01:56:02
128,Victoria,22.2855,114.1577,91.96,76,100,7.0,HK,overcast clouds,2021-06-19 01:53:20
129,Hasaki,35.7333,140.8333,70.29,84,100,10.76,JP,light rain,2021-06-19 01:53:05
130,Chuy,-33.6971,-53.4616,49.24,89,6,5.37,UY,clear sky,2021-06-19 01:53:18
131,Kloulklubed,7.0419,134.2556,84.7,71,23,4.68,PW,few clouds,2021-06-19 01:56:03
132,Socorro,31.6546,-106.3033,97.79,12,0,8.23,US,clear sky,2021-06-19 01:56:03
133,Severo-Kurilsk,50.6789,156.125,44.74,86,84,3.33,RU,broken clouds,2021-06-19 01:53:24
134,Ardesen,41.1911,40.9875,62.56,74,60,3.98,TR,broken clouds,2021-06-19 01:56:04
135,Panama City,8.9936,-79.5197,82.06,85,100,1.99,PA,overcast clouds,2021-06-19 01:51:09
136,Petropavlovka,50.6114,105.3196,68.9,40,23,2.55,RU,few clouds,2021-06-19 01:56:05
137,Bethel,41.3712,-73.414,74.28,66,1,9.22,US,clear sky,2021-06-19 01:48:34
138,Inuvik,68.3499,-133.7218,77.86,29,20,8.05,CA,few clouds,2021-06-19 01:56:05
139,Areosa,41.7178,-8.8571,60.31,91,8,8.77,PT,clear sky,2021-06-19 01:56:06
140,Caravelas,-17.7125,-39.2481,69.62,88,100,9.98,BR,overcast clouds,2021-06-19 01:56:06
141,Norman Wells,65.282,-126.8329,77.04,22,40,5.75,CA,scattered clouds,2021-06-19 01:56:07
142,Poum,-20.2333,164.0167,75.83,79,14,11.03,NC,few clouds,2021-06-19 01:56:07
143,Skjervoy,70.0311,20.9714,48.58,82,79,27.02,NO,broken clouds,2021-06-19 01:56:07
144,Zabol,32.25,67.25,69.24,18,0,6.08,AF,clear sky,2021-06-19 01:56:08
145,Blackwater,-23.5833,148.8833,64.13,34,40,11.7,AU,scattered clouds,2021-06-19 01:56:08
146,Mehamn,71.0357,27.8492,43.21,86,100,6.71,NO,overcast clouds,2021-06-19 01:56:09
147,Vila Velha,-20.3297,-40.2925,66.15,94,40,3.44,BR,scattered clouds,2021-06-19 01:56:09
148,Kavieng,-2.5744,150.7967,82.0,71,100,5.55,PG,light rain,2021-06-19 01:53:03
149,Bolobo,-2.1667,16.2333,72.1,69,74,1.21,CD,broken clouds,2021-06-19 01:56:10
150,Bukachacha,52.9833,116.9167,52.83,98,100,4.43,RU,moderate rain,2021-06-19 01:56:10
151,Mollendo,-17.0231,-72.0147,62.38,90,32,9.44,PE,scattered clouds,2021-06-19 01:56:11
152,Khandyga,62.6667,135.6,83.28,24,79,2.46,RU,broken clouds,2021-06-19 01:56:11
153,Sehithwa,-20.4667,22.7167,56.14,43,3,7.61,BW,clear sky,2021-06-19 01:56:11
154,Viedma,-40.8135,-62.9967,39.0,91,75,6.71,AR,broken clouds,2021-06-19 01:56:12
155,Antofagasta,-23.65,-70.4,58.28,79,23,4.59,CL,few clouds,2021-06-19 01:56:03
156,Andros Town,24.7,-77.7667,82.36,77,100,12.93,BS,overcast clouds,2021-06-19 01:56:13
157,Cidreira,-30.1811,-50.2056,57.69,83,9,11.39,BR,clear sky,2021-06-19 01:56:13
158,Les Cayes,18.2,-73.75,79.79,87,73,9.8,HT,broken clouds,2021-06-19 01:56:13
159,Pisco,-13.7,-76.2167,64.45,82,0,6.91,PE,clear sky,2021-06-19 01:46:31
160,Cherskiy,68.75,161.3,47.26,59,98,4.52,RU,overcast clouds,2021-06-19 01:47:01
161,Ust-Nera,64.5667,143.2,77.05,25,0,3.29,RU,clear sky,2021-06-19 01:56:14
162,Hirara,24.8,125.2833,91.67,75,75,5.75,JP,broken clouds,2021-06-19 01:56:14
163,Texarkana,33.4251,-94.0477,80.35,64,0,6.2,US,clear sky,2021-06-19 01:52:23
164,Avarua,-21.2078,-159.775,77.05,83,75,18.41,CK,broken clouds,2021-06-19 01:53:00
165,Prieska,-29.6641,22.7474,48.47,35,0,4.72,ZA,clear sky,2021-06-19 01:56:15
166,Port Washington,40.8257,-73.6982,79.02,62,100,1.01,US,overcast clouds,2021-06-19 01:56:16
167,Haines Junction,60.7522,-137.5108,67.95,34,38,5.75,CA,scattered clouds,2021-06-19 01:56:16
168,Tiarei,-17.5333,-149.3333,86.02,82,5,14.27,PF,clear sky,2021-06-19 01:56:17
169,San Jose,37.3394,-121.895,101.97,36,20,1.99,US,few clouds,2021-06-19 01:52:20
170,Nemuro,43.3236,145.575,54.03,85,87,6.13,JP,overcast clouds,2021-06-19 01:56:17
171,Shenjiamen,29.9576,122.298,71.85,92,100,13.85,CN,overcast clouds,2021-06-19 01:54:03
172,Suifenhe,44.4,131.1667,63.63,65,100,7.52,CN,overcast clouds,2021-06-19 01:56:18
173,Clyde River,70.4692,-68.5914,32.23,100,90,10.36,CA,light snow,2021-06-19 01:56:19
174,Khatanga,71.9667,102.5,64.18,60,80,14.54,RU,broken clouds,2021-06-19 01:41:56
175,Launceston,-41.45,147.1667,55.8,73,75,5.99,AU,broken clouds,2021-06-19 01:56:19
176,Biltine,14.5333,20.9167,84.36,44,100,8.99,TD,overcast clouds,2021-06-19 01:56:20
177,Anloga,5.7947,0.8973,80.82,80,99,16.24,GH,overcast clouds,2021-06-19 01:56:20
178,Akdepe,42.0551,59.3788,75.29,30,37,12.06,TM,scattered clouds,2021-06-19 01:56:21
179,Fulton,33.7668,-84.4499,83.39,61,90,4.61,US,overcast clouds,2021-06-19 01:51:38
180,Fare,-16.7,-151.0167,80.6,76,4,16.98,PF,light rain,2021-06-19 01:56:21
181,Fortuna,40.5982,-124.1573,79.2,67,1,4.0,US,clear sky,2021-06-19 01:56:22
182,Ambilobe,-13.2,49.05,66.54,91,71,2.89,MG,broken clouds,2021-06-19 01:56:22
183,Nakhon Thai,17.1006,100.8374,84.11,67,18,4.21,TH,few clouds,2021-06-19 01:56:22
184,Amahai,-3.3333,128.9167,82.17,73,100,5.08,ID,overcast clouds,2021-06-19 01:56:23
185,Oeiras Do Para,-2.0031,-49.8544,73.58,98,100,3.58,BR,light rain,2021-06-19 01:56:23
186,Flinders,-34.5833,150.8552,60.08,84,100,24.14,AU,light rain,2021-06-19 01:56:24
187,Kayes,14.0,-11.0,90.77,38,52,10.27,ML,broken clouds,2021-06-19 01:56:24
188,Severo-Yeniseyskiy,60.3725,93.0408,67.86,47,5,2.86,RU,clear sky,2021-06-19 01:56:25
189,Hornepayne,49.2138,-84.7705,49.68,96,97,10.13,CA,overcast clouds,2021-06-19 01:56:25
190,Leh,34.1667,77.5833,47.01,71,95,2.68,IN,overcast clouds,2021-06-19 01:56:25
191,Bamnet Narong,15.4992,101.6897,88.72,66,22,11.03,TH,few clouds,2021-06-19 01:56:26
192,Rio Gallegos,-51.6226,-69.2181,28.45,86,0,1.14,AR,clear sky,2021-06-19 01:56:26
193,Boysun,38.2061,67.1986,75.56,14,0,1.59,UZ,clear sky,2021-06-19 01:56:26
194,Diapaga,12.0708,1.7889,79.95,67,100,3.87,BF,overcast clouds,2021-06-19 01:56:27
195,Hajipur,25.6833,85.2167,71.58,94,90,13.8,IN,overcast clouds,2021-06-19 01:56:27
196,Karratha,-20.7377,116.8463,68.27,46,0,18.14,AU,clear sky,2021-06-19 01:56:28
197,Ishigaki,24.3448,124.1572,86.13,84,75,5.75,JP,broken clouds,2021-06-19 01:56:29
198,Vinh Yen,21.31,105.5967,93.15,56,3,6.08,VN,clear sky,2021-06-19 01:56:29
199,La Ronge,55.1001,-105.2842,66.45,39,40,4.61,CA,scattered clouds,2021-06-19 01:56:29
200,Berbera,10.4396,45.0143,91.06,40,100,27.87,SO,overcast clouds,2021-06-19 01:56:30
201,Vostok,46.4856,135.8833,64.11,52,100,8.14,RU,moderate rain,2021-06-19 01:56:30
202,Emerald,-23.5333,148.1667,62.35,39,23,6.91,AU,few clouds,2021-06-19 01:55:55
203,Anori,-3.7728,-61.6442,74.14,93,68,3.31,BR,broken clouds,2021-06-19 01:56:08
204,Poya,-21.35,165.15,79.66,67,99,10.96,NC,overcast clouds,2021-06-19 01:56:31
205,Andenes,69.3143,16.1194,48.18,87,90,17.27,NO,overcast clouds,2021-06-19 01:56:32
206,Saint-Philippe,-21.3585,55.7679,65.79,78,92,8.43,RE,light rain,2021-06-19 01:42:19
207,Havoysund,70.9963,24.6622,45.48,87,100,3.94,NO,overcast clouds,2021-06-19 01:55:58
208,Huanren,41.2647,125.3667,73.8,48,6,7.43,CN,clear sky,2021-06-19 01:56:33
209,Daru,-9.0763,143.2092,79.61,73,100,13.4,PG,overcast clouds,2021-06-19 01:56:33
210,Dunedin,-45.8742,170.5036,50.81,61,100,1.01,NZ,overcast clouds,2021-06-19 01:56:34
211,Jinchang,38.4953,102.1739,69.13,29,100,4.9,CN,overcast clouds,2021-06-19 01:56:34
212,Sault Sainte Marie,46.5168,-84.3333,63.16,59,20,10.36,CA,few clouds,2021-06-19 01:52:29
213,Maningrida,-12.0667,134.2667,82.78,39,49,14.38,AU,scattered clouds,2021-06-19 01:56:35
214,Lazaro Cardenas,17.9583,-102.2,76.55,90,100,9.71,MX,overcast clouds,2021-06-19 01:56:36
215,Yerbogachen,61.2767,108.0108,65.41,64,96,4.79,RU,overcast clouds,2021-06-19 01:56:36
216,Geraldton,-28.7667,114.6,56.12,66,0,17.27,AU,clear sky,2021-06-19 01:54:57
217,Salinopolis,-0.6136,-47.3561,78.69,84,15,12.08,BR,few clouds,2021-06-19 01:56:37
218,Belmonte,-15.8631,-38.8828,75.7,87,71,8.46,BR,broken clouds,2021-06-19 01:56:37
219,Dikson,73.5069,80.5464,32.32,91,32,15.64,RU,scattered clouds,2021-06-19 01:56:38
220,Torbay,47.6666,-52.7314,61.57,64,75,8.05,CA,broken clouds,2021-06-19 01:52:55
221,Bubaque,11.2833,-15.8333,79.23,84,100,6.62,GW,moderate rain,2021-06-19 01:56:38
222,Namtsy,62.7161,129.6658,77.11,22,100,8.86,RU,overcast clouds,2021-06-19 01:56:38
223,Pevek,69.7008,170.3133,32.7,98,100,3.09,RU,overcast clouds,2021-06-19 01:56:39
224,Los Alamos,35.8881,-106.307,77.04,22,90,8.99,US,light rain,2021-06-19 01:56:39
225,Dawei,14.0833,98.2,82.78,78,88,3.15,MM,overcast clouds,2021-06-19 01:56:40
226,Port Lincoln,-34.7333,135.8667,56.46,59,62,7.11,AU,broken clouds,2021-06-19 01:56:40
227,Vallenar,-28.5708,-70.7581,53.04,80,1,1.32,CL,clear sky,2021-06-19 01:56:41
228,Antsohihy,-14.8796,47.9875,68.88,76,1,4.85,MG,clear sky,2021-06-19 01:56:41
229,Haverfordwest,51.8017,-4.9691,57.34,87,10,4.79,GB,clear sky,2021-06-19 01:56:41
230,Temir,49.1414,57.13,62.73,46,0,12.62,KZ,clear sky,2021-06-19 01:56:42
231,Mangla,31.8931,72.3817,94.06,32,0,4.29,PK,clear sky,2021-06-19 01:56:42
232,Praia Da Vitoria,38.7333,-27.0667,66.45,77,20,7.36,PT,few clouds,2021-06-19 01:56:43
233,Chara,56.9064,118.2631,56.62,87,100,2.68,RU,light rain,2021-06-19 01:56:43
234,Fairbanks,64.8378,-147.7164,77.09,42,20,0.0,US,few clouds,2021-06-19 01:56:44
235,Sahuaripa,29.05,-109.2333,102.51,17,47,13.82,MX,scattered clouds,2021-06-19 01:56:44
236,Aswan,24.0934,32.907,82.33,21,1,9.71,EG,clear sky,2021-06-19 01:56:45
237,Surt,31.2089,16.5887,70.45,75,0,7.72,LY,clear sky,2021-06-19 01:56:45
238,Baie-Comeau,49.2168,-68.1489,69.8,77,90,12.66,CA,overcast clouds,2021-06-19 01:56:46
239,San Patricio,28.017,-97.5169,86.09,67,74,7.27,US,broken clouds,2021-06-19 01:56:46
240,Shelburne,44.0787,-80.2041,70.29,87,44,9.62,CA,scattered clouds,2021-06-19 01:56:47
241,Bathsheba,13.2167,-59.5167,79.41,73,40,12.66,BB,scattered clouds,2021-06-19 01:56:47
242,Paamiut,61.994,-49.6678,42.12,77,100,19.66,GL,overcast clouds,2021-06-19 01:56:45
243,Teya,60.3778,92.6267,70.72,48,19,3.51,RU,few clouds,2021-06-19 01:56:48
244,Katsuura,35.1333,140.3,72.19,83,100,11.52,JP,overcast clouds,2021-06-19 01:46:55
245,Iqaluit,63.7506,-68.5145,31.73,100,90,3.0,CA,mist,2021-06-19 01:56:48
246,Nanortalik,60.1432,-45.2371,40.14,74,100,9.91,GL,overcast clouds,2021-06-19 01:56:49
247,Port Keats,-14.25,129.55,83.77,25,73,10.87,AU,broken clouds,2021-06-19 01:56:49
248,Cabo San Lucas,22.8909,-109.9124,95.5,72,0,15.86,MX,clear sky,2021-06-19 01:56:09
249,Jacobina,-11.1806,-40.5183,62.58,93,5,3.85,BR,clear sky,2021-06-19 01:56:50
250,Meulaboh,4.1363,96.1285,81.12,74,68,2.73,ID,broken clouds,2021-06-19 01:56:50
251,Ribeira Grande,38.5167,-28.7,65.93,79,7,6.04,PT,clear sky,2021-06-19 01:56:50
252,Baoshan,46.5586,131.4244,69.96,61,88,14.52,CN,light rain,2021-06-19 01:56:51
253,Saint-Pierre,-21.3393,55.4781,65.88,79,0,3.44,RE,clear sky,2021-06-19 01:56:51
254,Chalchihuites,23.4833,-103.8833,64.85,49,47,11.77,MX,scattered clouds,2021-06-19 01:56:52
255,Sorong,-0.8833,131.25,81.57,77,23,7.4,ID,few clouds,2021-06-19 01:54:25
256,Hamilton,39.1834,-84.5333,74.59,89,90,4.0,US,heavy intensity rain,2021-06-19 01:44:55
257,Deputatskiy,69.3,139.9,73.8,29,100,3.85,RU,overcast clouds,2021-06-19 01:56:53
258,Russell,32.3502,-85.1999,80.31,79,90,0.0,US,overcast clouds,2021-06-19 01:56:53
259,Orlik,52.5178,99.825,65.1,43,96,3.69,RU,overcast clouds,2021-06-19 01:56:54
260,Novochernorechenskiy,56.2669,91.0828,71.08,68,63,5.91,RU,broken clouds,2021-06-19 01:56:54
261,Dongzhen,22.3797,110.9389,87.39,70,69,10.25,CN,broken clouds,2021-06-19 01:56:54
262,Forio,40.7342,13.8646,73.81,75,1,1.99,IT,clear sky,2021-06-19 01:56:55
263,Mimongo,-1.6195,11.6068,67.68,98,23,1.28,GA,few clouds,2021-06-19 01:56:55
264,Grand Gaube,-20.0064,57.6608,68.38,78,9,3.0,MU,clear sky,2021-06-19 01:56:56
265,Buala,-8.145,159.5921,84.33,73,100,7.43,SB,light rain,2021-06-19 01:47:04
266,Maymyo,22.0333,96.4667,70.97,90,100,1.97,MM,overcast clouds,2021-06-19 01:56:56
267,Mariestad,58.7097,13.8237,60.51,92,100,5.21,SE,overcast clouds,2021-06-19 01:56:57
268,Santa Barbara,34.7333,-120.0343,98.35,40,1,8.05,US,clear sky,2021-06-19 01:56:57
269,Chingola,-12.529,27.8838,50.32,71,66,4.54,ZM,broken clouds,2021-06-19 01:56:57
270,Oranjemund,-28.55,16.4333,67.84,33,0,15.05,NA,clear sky,2021-06-19 01:47:08
271,Guerrero Negro,27.9769,-114.0611,66.7,79,0,18.37,MX,clear sky,2021-06-19 01:56:58
272,Ibra,22.6906,58.5334,86.83,33,21,2.35,OM,few clouds,2021-06-19 01:56:59
273,Kokopo,-4.352,152.2633,80.87,74,100,2.86,PG,light rain,2021-06-19 01:56:59
274,Mahibadhoo,3.7833,72.9667,83.82,73,45,13.58,MV,scattered clouds,2021-06-19 01:56:59
275,Miyako,39.6367,141.9525,66.83,83,100,10.02,JP,moderate rain,2021-06-19 01:57:00
276,Zhireken,52.8249,117.3076,54.41,93,100,10.38,RU,light rain,2021-06-19 01:57:00
277,Tasiilaq,65.6145,-37.6368,29.44,70,1,4.61,GL,clear sky,2021-06-19 01:57:01
278,Puerto Narino,-3.7703,-70.3831,75.15,99,23,2.62,CO,few clouds,2021-06-19 01:57:01
279,Watsa,3.0372,29.5355,60.22,97,100,2.24,CD,overcast clouds,2021-06-19 01:57:02
280,Mehran,33.1222,46.1646,89.08,14,0,12.35,IR,clear sky,2021-06-19 01:57:02
281,Pandan,14.0453,124.1694,88.9,62,42,7.61,PH,scattered clouds,2021-06-19 01:57:02
282,Wajima,37.4,136.9,68.68,100,75,5.75,JP,mist,2021-06-19 01:57:03
283,Ratlam,23.3167,75.0667,78.98,72,83,16.64,IN,broken clouds,2021-06-19 01:57:03
284,Bonavista,48.6499,-53.1147,59.0,79,81,14.92,CA,broken clouds,2021-06-19 01:57:04
285,Weilheim,47.8333,11.15,69.53,92,100,4.07,DE,overcast clouds,2021-06-19 01:57:04
286,Tigil,57.8,158.6667,60.4,50,59,11.07,RU,broken clouds,2021-06-19 01:57:04
287,Buchanan,5.8808,-10.0467,76.96,87,66,4.65,LR,broken clouds,2021-06-19 01:57:05
288,Ostersund,63.1792,14.6357,46.85,76,98,4.61,SE,overcast clouds,2021-06-19 01:57:05
289,Sal Rei,16.1833,-22.9167,72.16,86,9,18.16,CV,clear sky,2021-06-19 01:57:06
290,Ambon,-3.6954,128.1814,77.14,88,40,2.3,ID,light rain,2021-06-19 01:57:06
291,Kulhudhuffushi,6.6221,73.07,82.62,74,100,15.05,MV,overcast clouds,2021-06-19 01:57:07
292,Codrington,-38.2667,141.9667,55.65,71,33,12.62,AU,scattered clouds,2021-06-19 01:57:07
293,Aykhal,66.0,111.5,75.11,28,61,4.76,RU,broken clouds,2021-06-19 01:57:08
294,Mitsamiouli,-11.3847,43.2844,76.6,65,25,9.98,KM,scattered clouds,2021-06-19 01:57:08
295,Labytnangi,66.6572,66.4183,52.61,64,87,8.7,RU,overcast clouds,2021-06-19 01:57:08
296,Hamza,40.4264,71.4956,75.15,30,0,2.35,UZ,clear sky,2021-06-19 01:57:09
297,Tahoua,14.8888,5.2692,88.52,33,68,9.78,NE,broken clouds,2021-06-19 01:57:09
298,Gizo,-8.103,156.8419,84.27,69,99,5.46,SB,overcast clouds,2021-06-19 01:57:10
299,Zyryanovsk,49.7386,84.2719,67.41,69,20,2.24,KZ,few clouds,2021-06-19 01:57:10
300,Abbeville,50.1,1.8333,63.28,91,100,8.5,FR,overcast clouds,2021-06-19 01:57:10
301,Zhigansk,66.7697,123.3711,69.01,48,100,6.42,RU,overcast clouds,2021-06-19 01:57:11
302,Tabory,58.5198,64.5495,53.62,46,8,6.87,RU,clear sky,2021-06-19 01:57:11
303,Olafsvik,64.8945,-23.7142,42.87,78,99,6.76,IS,overcast clouds,2021-06-19 01:57:12
304,Fukue,32.6881,128.8419,73.76,88,75,6.91,JP,broken clouds,2021-06-19 01:57:12
305,Carthage,36.8611,10.3316,73.26,73,20,3.44,TN,few clouds,2021-06-19 01:57:12
306,Iquique,-20.2208,-70.1431,60.84,78,29,7.25,CL,scattered clouds,2021-06-19 01:57:13
307,Qaqortoq,60.7167,-46.0333,41.77,75,100,1.63,GL,overcast clouds,2021-06-19 01:57:13
308,Choma,-16.8065,26.9531,51.35,61,0,6.58,ZM,clear sky,2021-06-19 01:57:13
309,Touros,-5.1989,-35.4608,76.1,92,16,9.71,BR,few clouds,2021-06-19 01:55:48
310,Half Moon Bay,37.4636,-122.4286,99.75,71,1,1.99,US,haze,2021-06-19 01:57:14
311,Palana,59.1167,159.9667,48.79,67,83,13.0,RU,broken clouds,2021-06-19 01:57:14
312,Cloquet,46.7216,-92.4594,73.2,40,1,9.22,US,clear sky,2021-06-19 01:57:15
313,Vao,-22.6667,167.4833,74.66,79,73,12.82,NC,broken clouds,2021-06-19 01:57:15
314,Nandu,22.8525,110.8233,89.06,64,65,9.37,CN,broken clouds,2021-06-19 01:57:16
315,Ripky,51.801,31.0838,57.4,96,0,7.25,UA,clear sky,2021-06-19 01:57:16
316,Coquimbo,-29.9533,-71.3436,55.13,94,90,5.75,CL,overcast clouds,2021-06-19 01:48:56
317,Sur,22.5667,59.5289,83.32,66,96,2.44,OM,overcast clouds,2021-06-19 01:57:17
318,Vila Do Maio,15.1333,-23.2167,72.39,85,15,17.13,CV,few clouds,2021-06-19 01:57:17
319,Storforshei,66.4043,14.5233,45.66,87,100,4.85,NO,overcast clouds,2021-06-19 01:57:18
320,Cabra,37.4725,-4.4421,62.04,72,100,2.59,ES,overcast clouds,2021-06-19 01:57:18
321,Bang Saphan,11.2126,99.5117,84.94,65,60,5.12,TH,broken clouds,2021-06-19 01:57:18
322,Foshan,23.0268,113.1315,89.64,56,100,9.26,CN,overcast clouds,2021-06-19 01:57:19
323,Tamandare,-8.7597,-35.1047,74.59,90,96,9.13,BR,overcast clouds,2021-06-19 01:57:19
324,Nosy Varika,-20.5833,48.5333,63.59,91,27,6.29,MG,scattered clouds,2021-06-19 01:57:20
325,Lata,40.1629,-8.3327,58.93,98,30,2.42,PT,scattered clouds,2021-06-19 01:57:20
326,Sibanicu,21.235,-77.5264,76.06,96,93,9.04,CU,overcast clouds,2021-06-19 01:57:20
327,Aktash,50.3,87.7333,59.9,45,14,2.3,RU,few clouds,2021-06-19 01:57:21
328,Bembereke,10.2283,2.6634,72.16,93,100,1.83,BJ,overcast clouds,2021-06-19 01:56:47
329,Kuryk,43.2,51.65,83.34,24,7,17.76,KZ,clear sky,2021-06-19 01:57:21
330,Mogadishu,2.0371,45.3438,76.17,87,98,15.23,SO,moderate rain,2021-06-19 01:57:22
331,Margate,51.3813,1.3862,57.31,97,100,1.01,GB,overcast clouds,2021-06-19 01:57:22
332,Kununurra,-15.7667,128.7333,76.98,22,100,13.8,AU,overcast clouds,2021-06-19 01:57:23
333,Axim,4.8699,-2.2405,78.55,79,100,9.1,GH,overcast clouds,2021-06-19 01:57:23
334,Sistranda,63.7256,8.834,50.9,75,100,2.91,NO,overcast clouds,2021-06-19 01:57:23
335,Niamey,13.5137,2.1098,75.49,100,20,12.66,NE,few clouds,2021-06-19 01:57:24
336,Mianyang,31.4593,104.7542,68.29,79,100,1.12,CN,overcast clouds,2021-06-19 01:53:47
337,Mugumu,-1.85,34.7,59.94,92,100,4.0,TZ,light rain,2021-06-19 01:57:24
338,Udachnyy,66.4167,112.4,77.95,27,85,5.53,RU,overcast clouds,2021-06-19 01:57:25
339,Traverse City,44.7631,-85.6206,68.11,66,0,6.89,US,clear sky,2021-06-19 01:53:40
340,Key West,24.5557,-81.7826,84.0,83,75,12.66,US,broken clouds,2021-06-19 01:57:25
341,Virginia Beach,36.8529,-75.978,79.02,68,100,1.01,US,overcast clouds,2021-06-19 01:57:26
342,Aksu,41.1231,80.2644,73.83,31,42,0.81,CN,scattered clouds,2021-06-19 01:57:26
343,Gander,48.9682,-54.5906,60.93,63,40,5.01,CA,scattered clouds,2021-06-19 01:57:26
344,Maragogi,-9.0122,-35.2225,74.3,92,99,9.19,BR,light rain,2021-06-19 01:57:27
345,Kapit,2.0167,112.9333,74.12,99,100,1.54,MY,overcast clouds,2021-06-19 01:57:27
346,Ekhabi,53.5102,142.9671,56.79,52,93,7.23,RU,overcast clouds,2021-06-19 01:57:28
347,Kahului,20.8947,-156.47,80.83,75,44,7.0,US,scattered clouds,2021-06-19 01:55:35
348,Voyvozh,62.892,54.9635,48.67,98,100,2.84,RU,overcast clouds,2021-06-19 01:57:28
349,Shimoda,34.6667,138.95,70.16,88,100,10.42,JP,light rain,2021-06-19 01:57:29
350,Ningbo,29.8782,121.5495,74.98,45,75,4.47,CN,light rain,2021-06-19 01:57:29
351,Cayenne,4.9333,-52.3333,80.1,88,20,2.3,GF,few clouds,2021-06-19 01:57:29
352,Erzurum,40.0,41.5,64.08,84,0,5.55,TR,clear sky,2021-06-19 01:57:30
353,Airai,-8.9266,125.4092,71.74,51,97,4.32,TL,overcast clouds,2021-06-19 01:53:10
354,Masaurhi,25.3509,85.0342,75.79,92,100,10.42,IN,overcast clouds,2021-06-19 01:57:30
355,Stokmarknes,68.5646,14.9108,50.49,87,100,16.73,NO,overcast clouds,2021-06-19 01:57:31
356,North Bend,43.4065,-124.2243,67.91,71,2,3.0,US,clear sky,2021-06-19 01:57:31
357,Kalabo,-14.97,22.6814,50.41,55,2,6.42,ZM,clear sky,2021-06-19 01:57:31
358,Ponta Do Sol,32.6667,-17.1,65.03,54,59,6.58,PT,broken clouds,2021-06-19 01:57:32
359,Veraval,20.9,70.3667,84.38,77,82,14.81,IN,broken clouds,2021-06-19 01:57:32
360,Klaksvik,62.2266,-6.589,47.32,89,89,14.25,FO,overcast clouds,2021-06-19 01:57:33
361,Sembe,1.6481,14.5806,70.09,96,100,0.43,CG,overcast clouds,2021-06-19 01:57:33
362,Adrar,20.5022,-10.0711,81.73,19,5,12.64,MR,clear sky,2021-06-19 01:57:33
363,Rocha,-34.4833,-54.3333,42.78,87,19,2.26,UY,few clouds,2021-06-19 01:57:34
364,Nioaque,-21.1353,-55.83,58.87,84,43,3.11,BR,scattered clouds,2021-06-19 01:57:34
365,Yulara,-25.2406,130.9889,53.44,47,88,13.8,AU,overcast clouds,2021-06-19 01:56:23
366,Necochea,-38.5473,-58.7368,41.04,80,97,6.08,AR,overcast clouds,2021-06-19 01:57:35
367,Lorengau,-2.0226,147.2712,84.56,65,93,1.19,PG,light rain,2021-06-19 01:57:35
368,Huicheng,23.0385,116.2899,89.55,65,100,17.02,CN,overcast clouds,2021-06-19 01:57:35
369,Buraydah,26.326,43.975,73.85,15,0,5.28,SA,clear sky,2021-06-19 01:57:36
370,Okhotsk,59.3833,143.3,66.42,51,0,8.86,RU,clear sky,2021-06-19 01:57:36
371,Cairns,-16.9167,145.7667,83.95,47,48,10.36,AU,scattered clouds,2021-06-19 01:55:15
372,Pitsunda,43.1592,40.3378,67.71,77,4,2.59,GE,clear sky,2021-06-19 01:57:37
373,Unai,-16.3575,-46.9061,64.9,46,100,1.36,BR,overcast clouds,2021-06-19 01:57:37
374,Atar,20.5169,-13.0499,83.62,23,1,10.2,MR,clear sky,2021-06-19 01:57:37
375,Boyabat,41.4689,34.7667,59.59,93,3,1.16,TR,clear sky,2021-06-19 01:57:38
376,Roverud,60.2521,12.055,60.28,87,100,3.98,NO,light rain,2021-06-19 01:57:38
377,Nuevitas,21.5453,-77.2644,79.57,88,88,11.03,CU,overcast clouds,2021-06-19 01:57:39
378,Saldanha,-33.0117,17.9442,58.48,58,3,8.72,ZA,clear sky,2021-06-19 01:53:20
379,Souillac,-20.5167,57.5167,68.36,88,40,1.14,MU,scattered clouds,2021-06-19 01:57:39
380,Qatana,33.4354,36.0815,63.16,45,0,5.61,SY,clear sky,2021-06-19 01:57:40
381,Auki,-8.7676,160.7034,85.73,62,100,2.59,SB,overcast clouds,2021-06-19 01:57:40
382,Macapa,0.0389,-51.0664,80.58,89,20,2.3,BR,few clouds,2021-06-19 01:57:40
383,Tecoanapa,16.5167,-98.75,75.78,89,100,8.19,MX,overcast clouds,2021-06-19 01:57:41
384,Sitrah,26.1547,50.6206,91.62,31,0,5.01,BH,dust,2021-06-19 01:57:41
385,Bjornevatn,69.6672,29.9847,48.54,87,75,9.22,NO,broken clouds,2021-06-19 01:57:42
386,Chulman,56.8479,124.9104,64.42,68,99,5.66,RU,overcast clouds,2021-06-19 01:57:42
387,Mecca,21.4267,39.8261,85.64,30,11,4.09,SA,few clouds,2021-06-19 01:57:43
388,Turbat,26.0023,63.044,80.96,78,0,3.11,PK,clear sky,2021-06-19 01:57:43
389,Garachine,8.0647,-78.3628,78.6,86,99,4.79,PA,overcast clouds,2021-06-19 01:57:43
390,Padang,-0.9492,100.3543,81.91,58,100,1.57,ID,overcast clouds,2021-06-19 01:57:44
391,Dongsheng,39.8161,109.9776,77.0,15,9,17.07,CN,clear sky,2021-06-19 01:57:44
392,Mnogovershinnyy,53.9353,139.9242,60.93,37,98,7.63,RU,overcast clouds,2021-06-19 01:57:44
393,Trelaze,47.45,-0.4667,62.02,94,75,3.44,FR,broken clouds,2021-06-19 01:57:45
394,Samarai,-10.6167,150.6667,79.66,74,100,12.97,PG,overcast clouds,2021-06-19 01:57:45
395,Vardo,70.3705,31.1107,44.58,93,40,17.27,NO,scattered clouds,2021-06-19 01:57:46
396,Abonnema,4.7084,6.7931,75.42,94,13,3.85,NG,light rain,2021-06-19 01:57:46
397,Uusikaupunki,60.8004,21.4084,61.32,97,50,5.17,FI,light rain,2021-06-19 01:57:47
398,Andijon,40.7821,72.3442,74.55,49,0,0.0,UZ,clear sky,2021-06-19 01:57:47
399,Bilma,18.6853,12.9164,87.85,12,5,6.69,NE,clear sky,2021-06-19 01:57:47
400,Smoky Lake,54.1169,-112.4686,65.48,67,89,3.44,CA,overcast clouds,2021-06-19 01:57:48
401,Gazanjyk,39.2446,55.5154,79.77,51,0,7.52,TM,clear sky,2021-06-19 01:57:48
402,Westport,41.1415,-73.3579,77.14,74,100,1.99,US,overcast clouds,2021-06-19 01:56:28
403,Khasan,42.4308,130.6434,57.76,98,100,6.55,RU,overcast clouds,2021-06-19 01:57:49
404,Gbadolite,4.2833,21.0167,68.79,98,100,2.62,CD,overcast clouds,2021-06-19 01:57:49
405,Sitka,57.0531,-135.33,53.38,86,100,1.61,US,overcast clouds,2021-06-19 01:53:11
406,Penzance,50.1186,-5.5371,52.81,73,2,7.16,GB,clear sky,2021-06-19 01:57:50
407,Lunca De Sus,46.5333,25.9667,55.92,98,87,4.99,RO,overcast clouds,2021-06-19 01:57:50
408,Sercaia,45.8333,25.1333,59.04,91,41,1.48,RO,scattered clouds,2021-06-19 01:57:51
409,La Rochelle,46.1667,-1.15,64.47,94,90,3.44,FR,light rain,2021-06-19 01:57:52
410,Turukhansk,65.8167,87.9833,63.28,77,60,0.98,RU,broken clouds,2021-06-19 01:57:52
411,Kotra,25.8167,79.3167,82.69,75,100,8.34,IN,overcast clouds,2021-06-19 01:57:52
412,Ginir,7.1333,40.7,56.59,76,72,12.15,ET,broken clouds,2021-06-19 01:57:53
413,Cumberland,35.0502,-78.8664,81.84,56,3,3.0,US,clear sky,2021-06-19 01:54:16
414,Goundam,16.4145,-3.6708,92.75,23,30,9.91,ML,scattered clouds,2021-06-19 01:57:54
415,Kuandian,40.7286,124.7847,69.53,68,12,8.08,CN,few clouds,2021-06-19 01:57:54
416,Muroto,33.2833,134.15,73.44,96,100,9.64,JP,light rain,2021-06-19 01:57:54
417,Loiza,18.4313,-65.8802,81.05,85,7,13.94,PR,clear sky,2021-06-19 01:57:55
418,Faleula,-13.7946,-171.8313,80.51,83,75,3.44,WS,light rain,2021-06-19 01:57:55
419,Semnan,35.5729,53.3971,78.08,25,0,7.45,IR,clear sky,2021-06-19 01:57:56
420,Cotonou,6.3654,2.4183,80.58,89,40,11.5,BJ,light rain,2021-06-19 01:57:56
421,Neiafu,-18.65,-173.9833,81.28,78,20,8.05,TO,few clouds,2021-06-19 01:57:57
422,Boden,65.8252,21.6886,50.0,65,12,7.94,SE,few clouds,2021-06-19 01:57:57
423,Ketchikan,55.3422,-131.6461,57.79,66,98,5.06,US,overcast clouds,2021-06-19 01:57:58
424,Darlowo,54.421,16.4107,71.94,77,0,10.33,PL,clear sky,2021-06-19 01:57:58
425,Peleduy,59.6289,112.7406,72.27,46,86,3.47,RU,overcast clouds,2021-06-19 01:57:58
426,Catamarca,-28.4696,-65.7852,44.78,86,45,3.0,AR,scattered clouds,2021-06-19 01:57:59
427,Idrinskoye,54.3708,92.1358,68.34,82,40,3.76,RU,scattered clouds,2021-06-19 01:57:59
428,Isiro,2.7739,27.616,64.67,99,100,0.22,CD,overcast clouds,2021-06-19 01:58:00
429,Roald,62.5833,6.1333,53.17,87,90,10.36,NO,overcast clouds,2021-06-19 01:58:00
430,Benguela,-12.5763,13.4055,70.68,75,5,1.95,AO,clear sky,2021-06-19 01:58:01
431,Puerto Colombia,10.9878,-74.9547,78.89,81,70,6.67,CO,broken clouds,2021-06-19 01:58:01
432,Poronaysk,49.2167,143.1167,54.16,61,23,8.05,RU,few clouds,2021-06-19 01:58:02
433,Lesogorsk,56.0458,99.5136,62.8,88,95,3.53,RU,light rain,2021-06-19 01:58:02
434,Harper,4.375,-7.7169,77.85,82,72,8.03,LR,light rain,2021-06-19 01:58:02
435,Portland,45.5234,-122.6762,78.76,48,2,3.0,US,clear sky,2021-06-19 01:58:03
436,Taoudenni,22.6783,-3.9836,96.93,10,96,9.31,ML,overcast clouds,2021-06-19 01:57:05
437,Tabas,33.5959,56.9244,81.5,13,0,4.81,IR,clear sky,2021-06-19 01:58:04
438,Chapleau,47.8405,-83.4034,62.69,51,75,9.22,CA,broken clouds,2021-06-19 01:58:04
439,Bure,10.7,37.0667,54.91,96,100,2.46,ET,overcast clouds,2021-06-19 01:58:05
440,Kieta,-6.2167,155.6333,83.66,73,90,5.14,PG,light rain,2021-06-19 01:58:05
441,Vezirkopru,41.1436,35.4547,59.49,85,0,1.05,TR,clear sky,2021-06-19 01:58:05
442,Itarema,-2.9248,-39.9167,76.41,85,52,9.04,BR,broken clouds,2021-06-19 01:58:06
443,Ixtapa,20.7,-105.2,81.23,88,100,3.0,MX,overcast clouds,2021-06-19 01:58:06
444,Rawson,-43.3002,-65.1023,41.05,68,6,17.72,AR,clear sky,2021-06-19 01:57:29
445,Tautira,-17.7333,-149.15,86.02,83,13,13.98,PF,few clouds,2021-06-19 01:58:07
446,Ngunguru,-35.6167,174.5,69.17,78,0,10.42,NZ,clear sky,2021-06-19 01:58:07
447,Maarianhamina,60.0973,19.9348,55.26,88,1,5.75,AX,clear sky,2021-06-19 01:58:08
448,Houston,29.7633,-95.3633,90.05,59,90,1.99,US,overcast clouds,2021-06-19 01:55:22
449,Rudnichnyy,59.617,52.4703,55.0,96,100,7.61,RU,overcast clouds,2021-06-19 01:58:08
450,Teguise,29.0605,-13.564,62.82,68,75,13.8,ES,broken clouds,2021-06-19 01:58:09
451,High Level,58.5169,-117.136,64.51,63,75,4.61,CA,broken clouds,2021-06-19 01:58:09
452,Vilhena,-12.7406,-60.1458,70.99,60,100,2.71,BR,overcast clouds,2021-06-19 01:58:09
453,Ucluelet,48.9329,-125.5528,75.04,78,100,4.0,CA,overcast clouds,2021-06-19 01:55:35
454,Lagos,6.5833,3.75,80.92,89,100,3.58,NG,overcast clouds,2021-06-19 01:58:10
455,Kabompo,-13.5927,24.2008,49.96,58,0,6.4,ZM,clear sky,2021-06-19 01:58:10
456,Yumen,40.2833,97.2,73.22,24,100,3.87,CN,overcast clouds,2021-06-19 01:58:11
457,Alice Springs,-23.7,133.8833,53.15,54,46,14.97,AU,scattered clouds,2021-06-19 01:58:11
458,Lixourion,38.2019,20.4314,69.73,83,62,7.36,GR,broken clouds,2021-06-19 01:58:12
459,Inhambane,-23.865,35.3833,67.66,76,22,13.13,MZ,few clouds,2021-06-19 01:58:12
460,Muriwai Beach,-36.8167,174.45,66.34,85,1,3.27,NZ,clear sky,2021-06-19 01:58:13
461,Ravar,31.2656,56.8055,76.23,12,0,0.89,IR,clear sky,2021-06-19 01:58:13
462,Maryville,35.7565,-83.9705,77.99,72,100,5.39,US,overcast clouds,2021-06-19 01:57:02
463,Tungor,53.3808,142.9564,58.35,49,91,7.47,RU,overcast clouds,2021-06-19 01:58:14
464,Tondano,1.3038,124.9112,73.49,67,94,2.33,ID,overcast clouds,2021-06-19 01:58:14
465,Pathalgaon,22.5667,83.4667,74.44,88,100,8.46,IN,overcast clouds,2021-06-19 01:58:14
466,Mahuta,-10.8667,39.45,60.26,96,5,2.59,TZ,clear sky,2021-06-19 01:58:15
467,Mount Gambier,-37.8333,140.7667,53.51,94,98,11.5,AU,overcast clouds,2021-06-19 01:56:56
468,Ati,13.2154,18.3353,87.71,45,97,10.07,TD,overcast clouds,2021-06-19 01:58:16
469,Kangaatsiaq,68.3065,-53.4641,38.5,78,100,4.81,GL,overcast clouds,2021-06-19 01:58:16
470,Batemans Bay,-35.7167,150.1833,58.91,63,57,20.27,AU,broken clouds,2021-06-19 01:58:16
471,Chimbote,-9.0853,-78.5783,65.66,88,50,8.59,PE,scattered clouds,2021-06-19 01:58:17
472,Kavaratti,10.5669,72.642,83.05,75,100,22.26,IN,overcast clouds,2021-06-19 01:58:17
473,Agadez,19.75,10.25,85.48,12,35,8.19,NE,scattered clouds,2021-06-19 01:58:17
474,Talnakh,69.4865,88.3972,42.12,89,100,10.4,RU,light rain,2021-06-19 01:58:18
475,Jiazi,22.8779,116.067,87.08,72,99,17.2,CN,overcast clouds,2021-06-19 01:58:18
476,Imeni Poliny Osipenko,52.4201,136.4853,66.92,50,100,8.86,RU,overcast clouds,2021-06-19 01:58:19
477,Alghero,40.5589,8.3181,73.49,83,0,4.61,IT,clear sky,2021-06-19 01:58:19
478,Wilmington,34.2257,-77.9447,79.86,70,3,1.99,US,clear sky,2021-06-19 01:55:22
479,Esperance,-33.8667,121.9,51.64,62,3,15.66,AU,clear sky,2021-06-19 01:58:20
480,Bella Vista,36.4295,-94.2316,82.81,78,0,6.17,US,clear sky,2021-06-19 01:58:20
481,Esil,51.9556,66.4042,54.81,45,0,12.71,KZ,clear sky,2021-06-19 01:58:21
482,Soyo,-6.1349,12.3689,72.45,90,27,7.11,AO,scattered clouds,2021-06-19 01:58:21
483,Iralaya,15.0,-83.2333,80.91,82,100,10.83,HN,overcast clouds,2021-06-19 01:58:22
484,Husavik,66.0449,-17.3389,40.91,89,99,6.04,IS,overcast clouds,2021-06-19 01:58:22
485,Iskateley,67.6803,53.1512,45.3,63,99,9.78,RU,overcast clouds,2021-06-19 01:58:22
486,Lompoc,34.6391,-120.4579,87.94,86,90,4.0,US,mist,2021-06-19 01:58:23
487,Ust-Omchug,61.15,149.6333,69.28,36,85,9.24,RU,overcast clouds,2021-06-19 01:58:23
488,Ojinaga,29.5667,-104.4167,97.75,12,1,4.61,MX,clear sky,2021-06-19 01:58:23
489,Oistins,13.0667,-59.5333,78.89,73,40,12.66,BB,scattered clouds,2021-06-19 01:54:00
490,Provideniya,64.3833,-173.3,52.56,65,96,6.49,RU,overcast clouds,2021-06-19 01:58:24
491,Kiama,-34.6833,150.8667,60.28,83,100,8.01,AU,moderate rain,2021-06-19 01:58:24
492,Sivaki,52.6333,126.75,63.39,81,100,14.72,RU,light rain,2021-06-19 01:58:25
493,Palmer,42.1584,-72.3287,72.95,54,100,3.0,US,overcast clouds,2021-06-19 01:58:25
494,Sohag,26.557,31.6948,79.09,34,0,14.03,EG,clear sky,2021-06-19 01:58:25
495,Hastings,50.8552,0.5729,56.95,99,100,7.87,GB,overcast clouds,2021-06-19 01:58:26
496,Hilton Head Island,32.2163,-80.7526,80.98,80,1,6.91,US,clear sky,2021-06-19 01:57:32
497,Altus,34.6381,-99.334,91.47,39,1,12.66,US,clear sky,2021-06-19 01:57:48
498,Isangel,-19.55,169.2667,84.31,74,20,5.75,VU,few clouds,2021-06-19 01:58:27
499,Xilitla,21.3333,-98.9667,70.32,92,100,2.48,MX,overcast clouds,2021-06-19 01:58:27
500,Road Town,18.4167,-64.6167,82.2,78,40,9.22,VG,scattered clouds,2021-06-19 01:58:28
501,Tilichiki,60.4667,166.1,45.88,75,100,6.46,RU,overcast clouds,2021-06-19 01:58:28
502,Artigas,-30.4,-56.4667,44.69,86,94,8.55,UY,overcast clouds,2021-06-19 01:58:28
503,Luganville,-15.5333,167.1667,84.27,62,56,5.68,VU,broken clouds,2021-06-19 01:58:29
504,Lasa,46.6166,10.7002,65.03,87,100,1.79,IT,overcast clouds,2021-06-19 01:58:29
505,Kizukuri,40.8061,140.3861,74.25,68,100,7.99,JP,overcast clouds,2021-06-19 01:58:30
506,Olenegorsk,68.15,33.3,50.4,90,100,12.93,RU,overcast clouds,2021-06-19 01:58:30
507,Darhan,49.4867,105.9228,67.96,37,6,3.04,MN,clear sky,2021-06-19 01:58:30
508,Ballina,-28.8667,153.5667,64.78,52,5,14.97,AU,clear sky,2021-06-19 01:58:31
509,Homer,59.6425,-151.5483,57.04,81,100,8.01,US,light rain,2021-06-19 01:58:31
510,Tomatlan,19.9333,-105.25,80.44,83,100,4.41,MX,overcast clouds,2021-06-19 01:58:32
511,Auch,43.65,0.5833,69.71,77,97,1.05,FR,overcast clouds,2021-06-19 01:58:32
512,Roros,62.5747,11.3842,44.44,87,90,4.61,NO,light rain,2021-06-19 01:58:32
513,Ugoofaaru,5.6667,73.0,82.83,75,99,14.74,MV,overcast clouds,2021-06-19 01:58:33
514,Suseni,46.6667,25.55,57.85,97,83,4.36,RO,broken clouds,2021-06-19 01:58:33
515,Chadiza,-14.0678,32.4392,58.19,65,99,4.85,ZM,overcast clouds,2021-06-19 01:58:34
516,Juazeiro,-9.4117,-40.4986,73.98,61,6,20.07,BR,clear sky,2021-06-19 01:58:34
517,Maceio,-9.6658,-35.7353,74.64,88,40,5.75,BR,scattered clouds,2021-06-19 01:54:51
518,Pergamino,-33.89,-60.5736,40.24,65,33,4.74,AR,scattered clouds,2021-06-19 01:58:35
519,Daye,30.0833,114.95,73.72,80,100,3.94,CN,light rain,2021-06-19 01:58:35
520,Nohar,29.1833,74.7667,87.55,53,14,9.04,IN,few clouds,2021-06-19 01:58:36
521,Kandava,57.0409,22.7747,59.36,88,3,5.84,LV,clear sky,2021-06-19 01:58:36
522,Berlevag,70.8578,29.0864,43.54,92,100,8.12,NO,overcast clouds,2021-06-19 01:58:37
523,Osypenko,46.9136,36.8253,67.84,91,54,9.15,UA,broken clouds,2021-06-19 01:58:37
524,Paciran,-6.8767,112.3761,81.82,78,100,4.63,ID,overcast clouds,2021-06-19 01:58:37
525,Cartagena Del Chaira,1.3349,-74.8429,71.56,98,100,2.62,CO,overcast clouds,2021-06-19 01:58:38
526,Nogliki,51.8333,143.1667,50.4,66,52,9.15,RU,broken clouds,2021-06-19 01:58:38
527,Manggar,-2.8833,108.2667,83.19,67,100,3.62,ID,overcast clouds,2021-06-19 01:58:39
528,Zhanaozen,43.3,52.8,81.12,21,6,18.72,KZ,clear sky,2021-06-19 01:58:39
529,Magan,39.9683,-3.931,65.28,56,84,7.0,ES,broken clouds,2021-06-19 01:58:39
530,Nanga Eboko,4.6833,12.3667,67.71,100,100,1.07,CM,light rain,2021-06-19 01:58:40
531,Fort Dodge,42.4975,-94.168,82.74,58,96,5.03,US,overcast clouds,2021-06-19 01:58:40
532,Mataram,-8.5833,116.1167,83.21,70,66,3.89,ID,broken clouds,2021-06-19 01:58:41
533,Kisangani,0.5167,25.2,68.2,98,74,1.07,CD,broken clouds,2021-06-19 01:58:41
534,Asau,46.4333,26.4,62.4,96,98,5.64,RO,overcast clouds,2021-06-19 01:58:42
535,Estelle,29.8458,-90.1067,77.0,84,90,8.05,US,mist,2021-06-19 01:58:42
536,Le Moule,16.3332,-61.3473,78.84,81,53,16.11,GP,broken clouds,2021-06-19 01:58:42
537,Kjollefjord,70.9457,27.3465,43.12,87,96,3.89,NO,overcast clouds,2021-06-19 01:58:43
538,Nalut,30.3333,10.85,84.13,25,2,10.65,LY,clear sky,2021-06-19 01:58:43
539,Olhao,37.0286,-7.8411,63.09,88,40,12.66,PT,scattered clouds,2021-06-19 01:58:44
540,Bosconia,9.9689,-73.8836,79.18,83,100,4.5,CO,overcast clouds,2021-06-19 01:58:44
541,Martapura,-3.4167,114.85,80.69,83,20,4.61,ID,few clouds,2021-06-19 01:57:18
542,Linhares,-19.3911,-40.0722,63.61,95,98,3.96,BR,overcast clouds,2021-06-19 01:58:44
543,Ayan,56.45,138.1667,51.21,62,100,9.66,RU,overcast clouds,2021-06-19 01:58:45
544,Carauari,-4.8828,-66.8958,72.1,99,21,2.24,BR,heavy intensity rain,2021-06-19 01:58:45
545,Irbil,36.1926,44.0106,75.02,16,0,4.61,IQ,clear sky,2021-06-19 01:58:46
546,Poitiers,46.5833,0.3333,64.81,66,100,3.44,FR,light rain,2021-06-19 01:58:46
547,Vasteras,59.6162,16.5528,59.99,75,20,10.36,SE,few clouds,2021-06-19 01:58:47
548,Alofi,-19.0595,-169.9187,82.29,74,18,11.5,NU,few clouds,2021-06-19 01:58:47
549,Tefe,-3.3542,-64.7114,72.48,98,6,1.57,BR,clear sky,2021-06-19 01:58:47
550,Sechura,-5.5569,-80.8222,68.77,75,64,15.21,PE,broken clouds,2021-06-19 01:58:48
551,Chifeng,42.2683,118.9636,77.18,21,1,17.45,CN,clear sky,2021-06-19 01:54:31
552,Patacamaya,-17.2333,-67.9167,41.9,45,4,3.09,BO,clear sky,2021-06-19 01:58:48
553,Norwich,52.6278,1.2983,55.36,95,90,12.66,GB,light rain,2021-06-19 01:58:49
554,Tommot,58.9564,126.2925,75.54,62,99,3.65,RU,overcast clouds,2021-06-19 01:58:49
555,Smithers,54.7804,-127.1743,61.12,48,75,11.5,CA,broken clouds,2021-06-19 01:58:49
556,Yaan,7.3833,8.5667,72.52,93,99,4.47,NG,overcast clouds,2021-06-19 01:58:50
557,Van Buren,35.4368,-94.3483,85.35,78,18,5.17,US,few clouds,2021-06-19 01:55:32
558,Rzhev,56.2624,34.3282,57.0,91,0,5.48,RU,clear sky,2021-06-19 01:58:51
559,Chakulia,22.4833,86.7167,75.52,86,100,4.27,IN,overcast clouds,2021-06-19 01:58:51
560,San Quintin,30.4833,-115.95,66.07,81,1,10.42,MX,clear sky,2021-06-19 01:58:51
561,China,25.7,-99.2333,90.27,33,39,11.72,MX,scattered clouds,2021-06-19 01:58:52
562,Ayagoz,47.9714,80.4392,75.7,31,100,13.49,KZ,overcast clouds,2021-06-19 01:58:52
563,Shirvan,39.9509,48.8994,72.77,67,0,4.41,AZ,clear sky,2021-06-19 01:58:52
564,Kotaparh,19.15,82.35,76.08,81,100,12.97,IN,overcast clouds,2021-06-19 01:58:53
565,Petropavlovsk-Kamchatskiy,53.0452,158.6483,57.79,51,75,11.18,RU,broken clouds,2021-06-19 01:58:53
566,Merauke,-8.4667,140.3333,83.97,60,43,11.5,ID,scattered clouds,2021-06-19 01:58:54
567,Bungu,-7.6337,39.0582,65.23,96,46,3.87,TZ,scattered clouds,2021-06-19 01:58:54
568,Altay,47.8667,88.1167,78.28,26,7,2.86,CN,clear sky,2021-06-19 01:58:54
569,Marsh Harbour,26.5412,-77.0636,81.12,80,96,8.25,BS,overcast clouds,2021-06-19 01:58:55
570,Lichinga,-13.3128,35.2406,57.29,94,0,10.36,MZ,clear sky,2021-06-19 01:58:55
571,Marsabit,2.3284,37.9899,60.87,83,100,17.83,KE,overcast clouds,2021-06-19 01:58:56
572,San Lorenzo De El Escorial,40.5914,-4.1474,58.82,74,92,3.22,ES,overcast clouds,2021-06-19 01:58:56
573,Beaupre,47.0443,-70.8953,65.66,92,100,5.01,CA,overcast clouds,2021-06-19 01:58:56
574,Valdemarpils,57.3707,22.5919,51.22,88,1,5.79,LV,clear sky,2021-06-19 01:58:57
575,San Cristobal,7.7669,-72.225,65.64,98,67,3.94,VE,broken clouds,2021-06-19 01:55:15
576,Vestmannaeyjar,63.4427,-20.2734,44.51,70,100,6.17,IS,overcast clouds,2021-06-19 01:58:57
577,Bertoua,4.5833,13.6833,67.08,99,100,1.7,CM,light rain,2021-06-19 01:58:58
578,Parambu,-6.2111,-40.6944,72.1,53,34,3.76,BR,scattered clouds,2021-06-19 01:58:58
579,Aanekoski,62.6946,25.818,64.85,100,92,5.77,FI,overcast clouds,2021-06-19 01:58:59
580,Luena,-11.7833,19.9167,48.22,52,0,4.12,AO,clear sky,2021-06-19 01:58:59
581,Abha,18.2164,42.5053,69.62,40,0,0.0,SA,clear sky,2021-06-19 01:58:59
582,Paramirim,-13.4425,-42.2389,69.94,61,97,4.99,BR,overcast clouds,2021-06-19 01:59:00
583,Port Hedland,-20.3167,118.5667,66.25,59,0,13.8,AU,clear sky,2021-06-19 01:59:00
584,Najran,17.4924,44.1277,79.45,32,10,3.11,SA,clear sky,2021-06-19 01:59:00
585,Tuatapere,-46.1333,167.6833,48.81,61,0,3.96,NZ,clear sky,2021-06-19 01:59:01
586,Port Hardy,50.6996,-127.4199,59.18,67,75,11.5,CA,broken clouds,2021-06-19 01:59:01
587,Floriano,-6.7669,-43.0225,78.78,40,57,2.44,BR,broken clouds,2021-06-19 01:59:02
588,Kuruman,-27.4524,23.4325,51.6,44,0,10.11,ZA,clear sky,2021-06-19 01:59:02
589,La Peca,-5.6111,-78.435,66.54,85,88,2.15,PE,overcast clouds,2021-06-19 01:59:03
590,Jaru,-10.4389,-62.4664,77.45,68,100,2.17,BR,overcast clouds,2021-06-19 01:59:03
591,Kaitangata,-46.2817,169.8464,49.93,66,40,6.8,NZ,scattered clouds,2021-06-19 01:59:03
592,Kurchum,48.5722,83.6542,76.51,37,100,4.56,KZ,overcast clouds,2021-06-19 01:59:04
593,Carmarthen,51.8555,-4.3054,57.94,89,92,0.76,GB,overcast clouds,2021-06-19 01:59:04
594,Dali,25.7,100.1833,71.64,67,64,6.93,CN,broken clouds,2021-06-19 01:59:05
595,Auburn,47.3073,-122.2284,76.62,55,99,4.0,US,overcast clouds,2021-06-19 01:56:16
596,Riyadh,24.6877,46.7219,82.45,15,0,8.05,SA,clear sky,2021-06-19 01:57:10
597,Pryozerne,45.2698,36.3303,68.09,90,0,9.22,UA,clear sky,2021-06-19 01:59:06
598,Koslan,63.4564,48.8989,54.61,91,100,2.82,RU,overcast clouds,2021-06-19 01:59:06
599,Beyneu,45.3167,55.2,74.64,32,42,11.39,KZ,scattered clouds,2021-06-19 01:59:07
600,De Aar,-30.6497,24.0123,44.76,40,0,4.18,ZA,clear sky,2021-06-19 01:59:07
601,Kalmunai,7.4167,81.8167,81.73,71,100,3.76,LK,overcast clouds,2021-06-19 01:59:07
602,Sakakah,29.9697,40.2064,72.97,26,0,5.53,SA,clear sky,2021-06-19 01:59:08
603,Tonj,7.2737,28.6822,68.47,96,85,4.25,SS,overcast clouds,2021-06-19 01:59:08
604,Kristiansund,63.1115,7.732,50.05,87,90,3.44,NO,overcast clouds,2021-06-19 01:59:09
605,Rokytnice Nad Jizerou,50.7256,15.4336,66.31,82,0,3.33,CZ,clear sky,2021-06-19 01:59:09
606,Krasnoselkup,65.7,82.4667,40.71,94,100,23.33,RU,heavy intensity rain,2021-06-19 01:59:09
607,Tarnogskiy Gorodok,60.4997,43.5761,62.76,76,11,8.46,RU,few clouds,2021-06-19 01:59:10
608,Guantanamo,20.1444,-75.2092,83.77,93,100,0.65,CU,overcast clouds,2021-06-19 01:59:10
609,Belyy Yar,53.6039,91.3903,69.69,68,0,4.47,RU,clear sky,2021-06-19 01:59:11
610,Whitehorse,60.7161,-135.0538,68.77,37,75,11.5,CA,broken clouds,2021-06-19 01:59:11
611,Dalby,-27.1833,151.2667,57.97,52,3,7.0,AU,clear sky,2021-06-19 01:59:12
612,Barra Patuca,15.8,-84.2833,80.94,81,97,10.94,HN,overcast clouds,2021-06-19 01:59:13
613,Morondava,-20.2833,44.2833,64.76,80,6,7.63,MG,clear sky,2021-06-19 01:59:13
614,Tyup,42.7276,78.3648,58.32,71,55,1.92,KG,broken clouds,2021-06-19 01:59:13
615,Limon,10.0,-83.0333,78.78,81,100,4.12,CR,overcast clouds,2021-06-19 01:59:14
616,Calama,-22.4667,-68.9333,48.69,46,0,11.5,CL,clear sky,2021-06-19 01:59:14
617,Yabrud,33.9674,36.6574,52.52,43,0,1.97,SY,clear sky,2021-06-19 01:59:15
618,Magadan,59.5667,150.8,60.4,54,42,3.47,RU,scattered clouds,2021-06-19 01:59:15
619,Manthani,18.65,79.6667,82.63,68,100,12.48,IN,heavy intensity rain,2021-06-19 01:59:15
620,Konevo,62.1215,39.3192,61.45,70,12,9.42,RU,few clouds,2021-06-19 01:59:16
621,Emba,48.8264,58.1442,63.88,46,0,14.54,KZ,clear sky,2021-06-19 01:59:16
622,Jiuquan,39.7432,98.5174,70.48,32,100,2.73,CN,overcast clouds,2021-06-19 01:59:17
623,Zhuhai,22.2769,113.5678,91.71,79,40,14.97,CN,scattered clouds,2021-06-19 01:59:17
624,Yining,29.0361,114.5636,75.74,95,100,2.66,CN,overcast clouds,2021-06-19 01:59:18
625,Suez,29.9737,32.5263,67.24,79,0,6.42,EG,clear sky,2021-06-19 01:59:18
626,Gazli,40.1333,63.45,85.68,11,0,6.87,UZ,clear sky,2021-06-19 01:59:19
627,Tsabong,-26.0217,22.401,56.93,38,0,10.27,BW,clear sky,2021-06-19 01:59:19
628,Leningradskiy,69.3833,178.4167,40.06,85,95,6.96,RU,overcast clouds,2021-06-19 01:53:15
629,Aasiaat,68.7098,-52.8699,34.5,87,54,5.39,GL,broken clouds,2021-06-19 01:56:41
630,Bermeo,43.4209,-2.7215,66.13,95,100,7.31,ES,overcast clouds,2021-06-19 01:59:20
631,Kindia,10.0569,-12.8658,69.26,91,100,0.98,GN,overcast clouds,2021-06-19 01:59:21
632,Waitati,-45.75,170.5667,50.81,61,100,1.05,NZ,overcast clouds,2021-06-19 01:59:21
633,Broome,42.2506,-75.833,71.08,64,100,7.0,US,overcast clouds,2021-06-19 01:59:21
634,Beloha,-25.1667,45.05,62.2,88,8,6.11,MG,clear sky,2021-06-19 01:59:22
635,Ostrovnoy,68.0531,39.5131,54.66,92,100,16.62,RU,overcast clouds,2021-06-19 01:55:56
636,Sabha,27.0377,14.4283,83.19,25,0,8.61,LY,clear sky,2021-06-19 01:59:22
637,Gornopravdinsk,60.05,69.9,52.56,46,25,9.93,RU,scattered clouds,2021-06-19 01:59:23
638,Williston,48.147,-103.618,72.57,45,1,1.99,US,clear sky,2021-06-19 01:59:23
639,Mercedes,-34.6515,-59.4307,41.86,72,6,3.8,AR,clear sky,2021-06-19 01:59:24
640,Alice Town,25.7167,-79.3,82.18,82,100,13.69,BS,overcast clouds,2021-06-19 01:59:24
641,Kedougou,12.5579,-12.1743,82.67,67,100,3.29,SN,overcast clouds,2021-06-19 01:59:24
642,Kodinsk,58.6881,99.1844,62.56,91,100,2.71,RU,light rain,2021-06-19 01:59:25
643,Mazara Del Vallo,37.6641,12.588,70.93,69,27,8.48,IT,scattered clouds,2021-06-19 01:59:25
644,Llanes,43.4198,-4.7549,63.01,94,90,4.47,ES,overcast clouds,2021-06-19 01:59:26
645,Henderson,36.0397,-114.9819,112.19,9,1,1.99,US,clear sky,2021-06-19 01:57:59
646,Crowley,30.2141,-92.3746,79.02,84,0,8.28,US,clear sky,2021-06-19 01:59:26
647,Saint-Augustin,51.226,-58.6502,52.47,82,22,11.54,CA,few clouds,2021-06-19 01:59:26
648,Puerto Escondido,15.85,-97.0667,78.12,86,100,6.6,MX,overcast clouds,2021-06-19 01:59:27
649,Wanning,18.8003,110.3967,89.53,61,14,11.99,CN,few clouds,2021-06-19 01:59:27
650,Sarai Alamgir,32.9012,73.7559,84.18,38,18,8.95,PK,few clouds,2021-06-19 01:59:28
651,Buriti Bravo,-5.8372,-43.8336,73.47,77,70,2.64,BR,broken clouds,2021-06-19 01:59:28
652,Umkomaas,-30.2067,30.7978,61.68,75,74,5.37,ZA,broken clouds,2021-06-19 01:59:29
653,Charters Towers,-20.1,146.2667,65.57,30,5,14.16,AU,clear sky,2021-06-19 01:59:29
654,La Palma,33.8464,-118.0467,90.73,71,5,4.0,US,clear sky,2021-06-19 01:59:29
655,Saint-Leu,-21.15,55.2833,65.26,87,6,9.57,RE,clear sky,2021-06-19 01:59:30
656,Wattegama,6.7989,81.4808,77.92,66,100,1.81,LK,overcast clouds,2021-06-19 01:59:30
657,Goderich,43.7501,-81.7165,71.04,78,4,10.36,CA,clear sky,2021-06-19 01:59:30
658,Huinan,42.6225,126.2614,72.64,52,48,11.72,CN,scattered clouds,2021-06-19 01:59:31
659,San Antero,9.3741,-75.7589,79.23,82,100,5.08,CO,overcast clouds,2021-06-19 01:59:31
660,Muisne,0.6,-80.0333,76.44,85,100,9.84,EC,overcast clouds,2021-06-19 01:59:32
661,Baruun-Urt,46.6806,113.2792,56.61,57,96,18.34,MN,overcast clouds,2021-06-19 01:59:32
662,Takoradi,4.8845,-1.7554,78.15,80,100,8.48,GH,overcast clouds,2021-06-19 01:59:32
663,Fort Nelson,58.8053,-122.7002,71.19,26,40,6.91,CA,scattered clouds,2021-06-19 01:59:33
664,Khuzdar,27.7384,66.6434,76.21,61,0,4.61,PK,clear sky,2021-06-19 01:59:33
665,Tual,-5.6667,132.75,80.94,79,95,21.47,ID,overcast clouds,2021-06-19 01:59:34
666,Mount Isa,-20.7333,139.5,58.77,41,100,8.05,AU,overcast clouds,2021-06-19 01:59:34
667,Sabla,12.7525,4.7077,83.86,47,100,11.5,NG,overcast clouds,2021-06-19 01:59:34
668,Zyryanka,65.75,150.85,70.05,33,68,10.42,RU,broken clouds,2021-06-19 01:59:35
669,Mbanza-Ngungu,-5.25,14.8667,64.56,81,65,3.65,CD,broken clouds,2021-06-19 01:59:35
670,Altamira,-3.2033,-52.2064,72.21,96,8,2.15,BR,light rain,2021-06-19 01:59:36
671,Sulina,45.1559,29.6536,65.89,88,98,17.92,RO,overcast clouds,2021-06-19 01:59:36
672,Cuamba,-14.8031,36.5372,58.71,87,71,1.79,MZ,broken clouds,2021-06-19 01:59:36
673,San Jeronimo,-11.9472,-75.2829,45.99,83,12,3.15,PE,few clouds,2021-06-19 01:59:37
674,Araouane,18.9048,-3.5265,91.17,24,25,7.0,ML,scattered clouds,2021-06-19 01:59:37
675,Verkhniy Avzyan,53.5289,57.5372,52.56,63,67,2.13,RU,broken clouds,2021-06-19 01:59:37
676,Calvinia,-31.4707,19.776,50.09,37,1,9.46,ZA,clear sky,2021-06-19 01:59:38
677,Haapiti,-17.5667,-149.8667,85.73,80,0,14.88,PF,clear sky,2021-06-19 01:59:38
678,Yokadouma,3.5167,15.05,69.58,99,100,1.74,CM,light rain,2021-06-19 01:59:39
679,Acapulco,16.8634,-99.8901,75.78,92,100,15.41,MX,overcast clouds,2021-06-19 01:59:39
680,Bada,51.392,109.8717,66.83,41,61,9.22,RU,broken clouds,2021-06-19 01:59:39
